QUEST_LV_0300_20150323_000001	カリス騎士団を支援するため、本部から離れてここに来ました。{nl}気になることがあるなら、ベルクティ広場にある本部に問い合わせてください。
QUEST_LV_0300_20150323_000002	あっしは元々行商人でしてね。{nl}神樹の日以降、ここが一番安全そうなんで住み付いたんですが…違ったみたいですね。
QUEST_LV_0300_20150323_000003	あちこち渡り歩きながら、啓示者だっていう人たちを何人も見かけましたよ。{nl}あっしが思うに…あなたが特別なのは、ただ強いからじゃないんでしょうね。
QUEST_LV_0300_20150323_000004	女神と司祭様たちのせいにしてるわけじゃないよ。{nl}でも、ただ信じて待てというのはちょっと酷いと思わない？{nl}
QUEST_LV_0300_20150323_000005	村でしっかり封印されてるんだから、気にする必要無いでしょ？{nl}なのに司祭様たちは怖がらせるようなことばっかり言うんだ。
QUEST_LV_0300_20150323_000006	司祭様たちは村にある封印がどんなに重要な物なのか、知られたくないんです。{nl}自分たちだけが犠牲になればいいんだって…。
QUEST_LV_0300_20150323_000007	司祭様たちが村の人たちともっと腹を割って話せたらいいのに。{nl}この状態でもし何か起きたら…。
QUEST_LV_0300_20150323_000008	邪悪な気は森を腐らせ、生命が生きられない場所にしてしまいます。{n}それがこの村の抱える最大の問題でもあるのですが…。
QUEST_LV_0300_20150323_000009	女神よ…。{nl}村の封印は本当に大丈夫なんでしょうか…。
QUEST_LV_0300_20150323_000010	これからも封印を狙って魔族の攻撃が続くでしょう。{nl}女神アウステヤがご不在の状態でいつまで耐えられるか…。
QUEST_LV_0300_20150323_000011	司祭だけで解決しようとしたのは大きな過ちでした。{nl}これからは村の人々にもすべての事実を伝え、ゆっくり話し合うつもりです。
QUEST_LV_0300_20150717_000012	探知機作動チェック(1)
QUEST_LV_0300_20150717_000013	魔族と女神、そして石化した都市(1)
QUEST_LV_0300_20150717_000014	探知機作動チェック(2)
QUEST_LV_0300_20150717_000015	魔族と女神、そして石化した都市(2)
QUEST_LV_0300_20150717_000016	探知機作動チェック(3)
QUEST_LV_0300_20150717_000017	探知機作動チェック(4)
QUEST_LV_0300_20150717_000018	霊魂を導くことについて
QUEST_LV_0300_20150717_000019	探知機を修理しています
QUEST_LV_0300_20150717_000020	修理中/MAKING/3/TRACK_AFTER/None
QUEST_LV_0300_20150717_000021	探知機作動チェック(5)
QUEST_LV_0300_20150717_000022	修理中/MAKING/3/TRACK_BEFORE/None
QUEST_LV_0300_20150717_000023	Notice/!/部品がしっかり固定されていません。{nl}紐のような物が必要です！#5
QUEST_LV_0300_20150717_000024	Notice/!/紐を手に入れてください#5
QUEST_LV_0300_20150717_000025	霊魂を導くために
QUEST_LV_0300_20150717_000026	もう安心だ
QUEST_LV_0300_20150717_000027	装置を調べています/LOOK/2/TRACK_BEFORE/None
QUEST_LV_0300_20150717_000028	Notice/!/装置に触れると、霊魂が抜け出すような感じがします。{nl}だんだん力が抜けてきました！
QUEST_LV_0300_20150717_000029	Notice/これで力を取り戻せそうです#5
QUEST_LV_0300_20150717_000030	望みはただ一つ(1)
QUEST_LV_0300_20150717_000031	死を望む理由について
QUEST_LV_0300_20150717_000032	望みはただ一つ(3)
QUEST_LV_0300_20150717_000033	望みはただ一つ(2)
QUEST_LV_0300_20150717_000034	クレリックマスターのところへ行く
QUEST_LV_0300_20150717_000035	もう協力できない
QUEST_LV_0300_20150717_000036	端末機破壊(1)
QUEST_LV_0300_20150717_000037	本体と端末機について
QUEST_LV_0300_20150717_000038	Notice/!/モンスターの攻撃を避けて端末機を破壊してください！#5
QUEST_LV_0300_20150717_000039	端末機破壊(2)
QUEST_LV_0300_20150717_000040	爆薬の粉を入れて点火しています/FIRE/2/TRACK_BEFORE/None
QUEST_LV_0300_20150717_000041	Notice/端末機が爆発して消えました！#5
QUEST_LV_0300_20150717_000042	端末機破壊(3)
QUEST_LV_0300_20150717_000043	そして、永久の眠りへ(1)
QUEST_LV_0300_20150717_000044	最後に言うことがあるなら
QUEST_LV_0300_20150717_000045	そして、永久の眠りへ(2)
QUEST_LV_0300_20150717_000046	オーブを設置しています/MAKING/3/TRACK_BEFORE/None
QUEST_LV_0300_20150717_000047	そして、永久の眠りへ(3)
QUEST_LV_0300_20150717_000048	あいさつする
QUEST_LV_0300_20150717_000049	Notice/シュトリガイラの望みが叶ったようです#5
QUEST_LV_0300_20150717_000050	探知機作動チェック
QUEST_LV_0300_20150717_000051	クポル メイーレと話す
QUEST_LV_0300_20150717_000052	石化の霜から助けてくれたクポルと話してみましょう。
QUEST_LV_0300_20150717_000053	石化探知機を確認する
QUEST_LV_0300_20150717_000054	クポル メイーレが石化の霜の影響を受けず安全に霊魂たちを導けるよう、この地域のまだ行っていない場所にある探知機をすべて調べてください。
QUEST_LV_0300_20150717_000055	クポル メイーレのところに戻る
QUEST_LV_0300_20150717_000056	入口の方にあった探知機を除く4台の探知機をすべて調べました。クポル メイーレのところに戻って状況を伝えてください。
QUEST_LV_0300_20150717_000057	故障した探知機を再び作動させるために伝えなければならないことがあります。クポル メイーレと話してください。
QUEST_LV_0300_20150717_000058	王国軍レティアに会う
QUEST_LV_0300_20150717_000059	石化探知機を設置したのは王国軍だというクポルが言っていたので、ベルクティ広場にいる王国軍の将校レティアを訪ねてみましょう。
QUEST_LV_0300_20150717_000060	沿岸要塞の作動しない石化探知機について、王国軍レティアと話してみましょう。
QUEST_LV_0300_20150717_000061	石化探知機の部品入手
QUEST_LV_0300_20150717_000062	王国軍レティアに言われた通り、沿岸要塞に派遣された兵士たちを探してみましょう。もしも彼らに万が一のことがあった場合は、亡骸から部品を手に入れなければなりません。またはその周辺のモンスターを狩ってみましょう。
QUEST_LV_0300_20150717_000063	クポル メイーレに会う
QUEST_LV_0300_20150717_000064	王国軍の兵士たちは残念ながら助かりませんでしたが、 部品は回収できました。石化探知機を修理しに行く前に、このことをクポルに伝えてください。
QUEST_LV_0300_20150717_000065	石化探知機を修理しに行く前に、今の状況についてクポル メイーレと話してみましょう。
QUEST_LV_0300_20150717_000066	石化探知機の修理
QUEST_LV_0300_20150717_000067	作動しなかった一つ目の石化探知機を修理してください。
QUEST_LV_0300_20150717_000068	石化探知機の修理を邪魔するモンスターを退治しました。これで安心して石化探知機を修理できそうです。
QUEST_LV_0300_20150717_000069	三つ目の石化探知機の修理
QUEST_LV_0300_20150717_000070	では、三つ目の石化探知機を修理しに行ってください。
QUEST_LV_0300_20150717_000071	固定する紐入手
QUEST_LV_0300_20150717_000072	探知機の部品をしっかり固定するために紐が必要です。モンスターから手に入れてみましょう。
QUEST_LV_0300_20150717_000073	固定する紐を集めました。三つ目の石化探知機を修理してください。
QUEST_LV_0300_20150717_000074	モンスターを狩って%s入手
QUEST_LV_0300_20150717_000075	モンスターを狩って紐入手
QUEST_LV_0300_20150717_000076	石化探知機をすべて修理しました。クポル メイーレに伝えてください。
QUEST_LV_0300_20150717_000077	怪しい装置を確認する
QUEST_LV_0300_20150717_000078	謎の装置に近寄ると、何かに引き寄せられるようにその前に移動してしまいます。一体この装置は何なのでしょうか。触ってみれば分かるかもしれません。
QUEST_LV_0300_20150717_000079	シュトリガイラを訪ねる
QUEST_LV_0300_20150717_000080	霊魂が抜けていっているのか、だんだん力が入らなくなってきました。 この状況から救ってくれる誰かを探してください。
QUEST_LV_0300_20150717_000081	望みはただ一つ
QUEST_LV_0300_20150717_000082	シュトリガイラと話す
QUEST_LV_0300_20150717_000083	どうやら、シュトリガイラの事情を聞く必要がありそうです。
QUEST_LV_0300_20150717_000084	毒草を集める
QUEST_LV_0300_20150717_000085	シュトリガイラから、啓示者ならば自分が死ねるよう力を貸すべきだから毒草を集めてほしいと頼まれました。指示された場所へ行って毒草を集めてください。
QUEST_LV_0300_20150717_000086	シュトリガイラに毒草を届ける
QUEST_LV_0300_20150717_000087	シュトリガイラが言っていた毒草を集めました。シュトリガイラに届けてください。
QUEST_LV_0300_20150717_000088	シュトリガイラに必要な聖水を手に入れるため、クレリックマスターと話してください。
QUEST_LV_0300_20150717_000089	シュトリガイラのところに戻る
QUEST_LV_0300_20150717_000090	クレリックマスターは断固として拒絶しました。残念ですが、このことをシュトリガイラに伝えてください。
QUEST_LV_0300_20150717_000091	シュトリガイラが毒草を食べましたが、効果は無いようです。また彼に話しかけてください。
QUEST_LV_0300_20150717_000092	毒草を聖水に混ぜて飲めば、シュトリガイラの望みが叶いそうです。クレリックマスターから聖水をもらってください。
QUEST_LV_0300_20150717_000093	端末機破壊
QUEST_LV_0300_20150717_000094	シュトリガイラと話してください。
QUEST_LV_0300_20150717_000095	霊魂集約端末機を破壊する
QUEST_LV_0300_20150717_000096	シュトリガイラを手伝うためには、とりあえず霊魂集約装置を破壊しなければならないようです。その前に霊魂集約装置の端末機を順に破壊して霊魂集約装置の本体を破壊する道具の材料を手に入れる必要があるそうです。まずは一つ目の端末機を破壊してください。
QUEST_LV_0300_20150717_000097	シュトリガイラに伝える
QUEST_LV_0300_20150717_000098	端末機を破壊しました。また、端末機の核も無事手に入れました。この核をシュトリガイラに届けてください。
QUEST_LV_0300_20150717_000099	端末機を破壊して核入手
QUEST_LV_0300_20150717_000100	二つ目の地域の端末機を破壊するにはどうすればいいのか、シュトリガイラと話してみてください。
QUEST_LV_0300_20150717_000101	石化物の粉を集める
QUEST_LV_0300_20150717_000102	シュトリガイラに言われた通り、端末機を破壊するための爆薬の粉の効果を増幅させる材料として、この一体の石化物から粉を集めましょう。
QUEST_LV_0300_20150717_000103	端末機を爆破する
QUEST_LV_0300_20150717_000104	シュトリガイラがくれた爆薬の粉と採取した石化物の粉で二つ目の端末機を爆破してください。
QUEST_LV_0300_20150717_000105	次の端末機を破壊するにはどうすればいいのか、シュトリガイラと話してみてください。
QUEST_LV_0300_20150717_000106	端末機を破壊
QUEST_LV_0300_20150717_000107	シュトリガイラの言葉通り、三つ目の端末機に接近すればノックダウンしてしまいます。三つ目の端末機付近の石化したモンスターからコアを手に入れ、端末機に投げつけて端末機を破壊してください。
QUEST_LV_0300_20150717_000108	そして、永久の眠りへ
QUEST_LV_0300_20150717_000109	端末機をすべて壊したので、シュトリガイラのところに戻りましょう。
QUEST_LV_0300_20150717_000110	魔法のオーブの材料入手
QUEST_LV_0300_20150717_000111	シュトリガイラから、霊魂集約装置に吸われた霊魂を出すのに使うオーブの製造書をもらいました。シュトリガイラが入手できなかった材料をモンスターから手に入れ、製造書を使ってシュトリガイラの魔法のオーブを作ってください。
QUEST_LV_0300_20150717_000112	霊魂集約装置を破壊しに行く
QUEST_LV_0300_20150717_000113	シュトリガイラの魔法のオーブを作りました。オーブを霊魂集約装置のところへ持って行ってください。
QUEST_LV_0300_20150717_000114	霊魂集約装置を破壊
QUEST_LV_0300_20150717_000115	シュトリガイラのオーブを使って、霊魂集約装置を破壊してください。
QUEST_LV_0300_20150717_000116	シュトリガイラのオーブを設置すると、ものすごい反応を起こしながらモンスターが集まって来ました！モンスターを倒してください！
QUEST_LV_0300_20150717_000117	霊魂集約装置が破壊されました。シュトリガイラのところへ戻ってください。
QUEST_LV_0300_20150717_000118	シュトリガイラと最後の挨拶をする
QUEST_LV_0300_20150717_000119	シュトリガイラの願いを叶える時間が来たようです。
QUEST_LV_0300_20150729_000120	私が死ねるよう協力するなら、その呪いを解いてやろう。
QUEST_LV_0300_20150729_000121	動くことも死ぬこともできない身体など、どうなっても構わない。{nl}ただ、もう休みたいだけだ。
QUEST_LV_0300_20150729_000122	あの上の方にある毒草を集めてくれ。
QUEST_LV_0300_20150729_000123	ここの草は猛毒で有名なんだ。
QUEST_LV_0300_20150729_000124	ありがとう。一つずつ食べてみるか…。
QUEST_LV_0300_20150729_000125	予想通り…何事も起きないか。{nl}だが、クレリックマスターが持っているという聖水に混ぜて飲めば、この魔族の身体は簡単に滅びるかもしれない。
QUEST_LV_0300_20150729_000126	クレリックマスター！{nl}彼から聖水をもらって来てくれ。
QUEST_LV_0300_20150729_000127	クラペダまでの無事を祈ろう。
QUEST_LV_0300_20150729_000128	…？{nl}ディンゴパシル地区の霊魂管理者？{nl}彼は魔族ではないのですか？
QUEST_LV_0300_20150729_000129	あなたが魔族に協力しているのですか？{nl}個人的なことには関与すべきではありませんが、女神に仕えるマスターとしてそのようなことに協力することはできません。お引き取りください。
QUEST_LV_0300_20150729_000130	魔族にはどんなことであっても協力しません。
QUEST_LV_0300_20150729_000131	なるほど…そうか。{nl}期待をし過ぎたのかもしれんな。
QUEST_LV_0300_20150729_000132	こうなったら、あの方法を試すしかない。{nl}ここにある霊魂集約機の破壊…。{nl}私をここに閉じ込めた者たちが言っていた。{nl}私と霊魂集約機は一心同体だと。なぜその言葉を今まで忘れていたのだろうか。
QUEST_LV_0300_20150729_000133	ここのどこかにある霊魂集約機は、人間の霊魂を吸収する装置だ。{nl}そのエネルギーをどこかに集めて使っている。{nl}こうして石化の霜が吹くようになってからも、カリス騎士団や盗掘師、王国軍が活動をしているこの場所は、霊魂集約機を置くのにはピッタリなのだろう。
QUEST_LV_0300_20150729_000134	{nl}{nl}考えてみたら、私をここに入れた者たちは永遠に霊魂を集めるために私を霊魂集約機と生命でつなげたのではないだろうか。霊魂集約機が破壊されれば、私も死ねるかもしれない…。
QUEST_LV_0300_20150729_000135	霊魂集約機は3台の端末機からも霊魂を吸収する。{nl}少し前にお前が感じたあの嫌な感覚は端末機が霊魂を吸収する過程で感じるものだ。{nl}とにかく、その端末機を順に壊してみるとしよう。
QUEST_LV_0300_20150729_000136	{nl}破壊に成功すれば、端末機の核が手に入るはずだ。{nl}その核を集めて集約機の破壊に必要なオーブを作らねば。
QUEST_LV_0300_20150729_000137	よし。この核は霊魂集約機本体の過負荷を起こすオーブの材料になる。{nl}ああ、死が少しずつ近づいてきたぞ…。
QUEST_LV_0300_20150729_000138	二つ目の端末機は爆破する。{nl}私が渡す爆薬の効果を増幅するため、その地域で石化物の粉を集めてくれ。{nl}石化の霜が吹き荒ぶ地域だから、石化物はどこにでもあるぞ。
QUEST_LV_0300_20150729_000139	これまでと同じく、次の端末機も核を手に入れなければならない。
QUEST_LV_0300_20150729_000140	いよいよ最後の端末機だな…。だんだん力が抜けていくようだ…。{nl}もしかしたら、最後の端末機は暴走しているかもしれない。{nl}周辺にいる石化したモンスターからコアを手に入れ、端末機に投げてみろ。{nl}徐々に崩れて行くはずだ。
QUEST_LV_0300_20150729_000141	それから…やっぱり核が必要だ。{nl}その核には霊魂が凝縮されていてな…。それを集めて霊魂集約機の過負荷を起こすオーブを作るつもりだ
QUEST_LV_0300_20150729_000142	これで全部集まったな。この製造書を受け取ってくれ。{nl}これで霊魂集約機に過負荷を起こすオーブを作ってほしい。{nl}その前に、まずはこの霊魂のエキスでモンスターをおびき出し、雷管を抜くのだ。{nl}そうすれば製造書でオーブを製造できるだろう。
QUEST_LV_0300_20150729_000143	ただ、休みたいのだ…。
QUEST_LV_0300_20150729_000144	これで最後なのか…。本当に…。
QUEST_LV_0300_20150729_000145	雷管は全部集まったか？
QUEST_LV_0300_20150729_000146	お前か。もう別れの時が来たようだな。
QUEST_LV_0300_20150729_000147	力が抜けていく…。いい気分だ…。
QUEST_LV_0300_20150729_000148	ああ、それだ。私にそれを。
QUEST_LV_0300_20150729_000149	Notice/!/装置に触れると、霊魂が抜け出すような感じがします！{nl}この状態から救ってくれる誰かを探さなければなりません！
QUEST_LV_0300_20150729_000150	協力する
QUEST_LV_0300_20150729_000151	霊魂集約機とシュトリガイラの関係
QUEST_LV_0300_20150729_000152	霊魂が抜けているのか、どんどん力が入らなくなってスタミナが減っています！急いでこの状況から救ってくれる誰かを探してください！
QUEST_LV_0300_20150729_000153	端末機を破壊して%s入手
QUEST_LV_0300_20150729_000154	端末機の核を届ける
QUEST_LV_0300_20150729_000155	シュトリガイラに端末機の核を届けてください。
QUEST_LV_0300_20150729_000156	製造で%sを作る
QUEST_LV_0300_20150730_000157	また端末機の核を手に入れなければならない。{nl}だが…前回のように端末機にやられないよう、保護魔法をかけてやろう。{nl}まだそれくらいの力はある。
QUEST_LV_0300_20150730_000158	女神の意志を受け継ぎ、石化した霊魂を導いています。
QUEST_LV_0300_20150730_000159	石化の霜がいつ吹くかは分からなくて…。{nl}補給路にある石化探知機は正常に作動しているのでしょうか？{nl}一度見て来ていただけると助かるのですが。
QUEST_LV_0300_20150730_000160	製造スキルを使って%sを作る
QUEST_LV_0300_20150803_000161	まだ知らせが無いと言うことは…何か不測の事態が起きたのかもしれません。{nl}もしも彼らの亡骸でも見つけた時は…お手数ですが、埋葬してから遺品を回収してください。
QUEST_LV_0300_20150803_000162	援軍が全滅したのですね。埋葬してくださってありがとうございました。{nl}お持ちいただいた遺品の中に…部品があるはずです。
QUEST_LV_0300_20150803_000163	では、修理をお願いします。{nl}石化の霜にはくれぐれもお気を付けて。
QUEST_LV_0300_20150803_000164	聖水ですか？{nl}何に使うのです？
QUEST_LV_0300_20150803_000165	ディンゴパシル地区に聖水を欲しがる魔族が？{nl}…。
QUEST_LV_0300_20150803_000166	{nl}あなたの個人的な事情には口出ししませんが、クレリックとして魔族に協力することはできません。
QUEST_LV_0300_20150803_000167	こうなったら、あの方法しか…。{nl}ここにある霊魂集約機の破壊…。{nl}私をここに閉じ込めた者たちが言っていた。{nl}私と霊魂集約機は一心同体だと。なぜその言葉を今まで忘れていたのだろうか。
QUEST_LV_0300_20150803_000168	霊魂集約機は3台の端末機からも霊魂を吸収する。{nl}さっきの呪いも端末機が霊魂を吸収する過程だったのだ。{nl}とにかく、その端末機を順に壊してみるとしよう。
QUEST_LV_0300_20150803_000169	{nl}そして、その核を持って来てくれ。{nl}ああ、またあの呪いにかからないように呪文をかけておこう。
QUEST_LV_0300_20150803_000170	二つ目の端末機は爆破しなければならない。{nl}私が渡す爆薬の効果を増幅するため、その地域で石化物の粉を集めてくれ。{nl}石化の霜が吹き荒ぶ地域だから、石化物はどこにでもあるぞ。
QUEST_LV_0300_20150803_000171	これまでと同じく、次の端末機も核を手に入れなければならない。{nl}おや…端末機から身を守る呪文が解けているな。もう一度かけておこう。
QUEST_LV_0300_20150803_000172	ここにありますね。{nl}壊れた探知機はこの部品で簡単に修理できるはずです。{nl}もしも部品が上手く固定できない場合は、周辺のモンスターが持っている紐で固定してください。
QUEST_LV_0300_20150803_000173	部品の調達が難しいだけで、修理自体は簡単なんですよ。
QUEST_LV_0300_20150803_000174	遠くまでご苦労さまでした。それが部品ですね。
QUEST_LV_0300_20150803_000175	さあ、修理をお願いします。
QUEST_LV_0300_20150803_000176	魔族と女神、そして石化した都市について
QUEST_LV_0300_20150803_000177	女神たちが石化した都市を救えなかった理由
QUEST_LV_0300_20150803_000178	感謝の言葉を伝える
QUEST_LV_0300_20150803_000179	探知機作動チェック(6)
QUEST_LV_0300_20150803_000180	Notice/呪いが解けました#5
QUEST_LV_0300_20150803_000181	兵士たちの亡骸埋葬
QUEST_LV_0300_20150803_000182	王国軍レティアに頼まれた通り、沿岸要塞に派遣された兵士たちを探してください。もしも彼らが亡くなっていた場合は死体の遺品を回収してください。モンスターたちが略奪したかもしれないので、沿岸要塞のモンスターを狩ってみてもいいでしょう。
QUEST_LV_0300_20150803_000183	王国軍レティアところに戻る
QUEST_LV_0300_20150803_000184	王国軍の兵士たちは残念ながら亡くなっていました。亡骸を埋葬したので、レティアのところに戻ってください。
QUEST_LV_0300_20150803_000185	沿岸要塞の探知機を修理しに行った兵士たちの亡骸を埋葬したので、レティアから探知機の部品をもらえそうです。彼女と話してください。
QUEST_LV_0300_20150803_000186	部品獲得
QUEST_LV_0300_20150803_000187	王国軍レティアから部品を手に入れてください。
QUEST_LV_0300_20150803_000188	レティアから部品をもらいました。沿岸要塞にいるクポル メイーレのところへ戻ってください。
QUEST_LV_0300_20150904_000189	修理中
QUEST_LV_0300_20150904_000190	探知機が作動し始めました！
QUEST_LV_0300_20150904_000191	部品がしっかり固定されていません。{nl}紐のような物が必要です！
QUEST_LV_0300_20150904_000192	紐を手に入れてください。
QUEST_LV_0300_20150904_000193	装置を調べています。
QUEST_LV_0300_20150904_000194	装置に触れると、霊魂が抜け出すような感じがします！{nl}この状態から救ってくれる誰かを探さなければなりません！
QUEST_LV_0300_20150904_000195	呪いが解けました。
QUEST_LV_0300_20150904_000196	モンスターの攻撃を避けて端末機を破壊してください！
QUEST_LV_0300_20150904_000197	爆薬の粉を入れて点火しています。
QUEST_LV_0300_20150904_000198	端末機が爆発して消えました！
QUEST_LV_0300_20150904_000199	オーブを設置しています。
QUEST_LV_0300_20150904_000200	シュトリガイラの望みが叶ったようです。
QUEST_LV_0300_20150904_000201	埋葬中
QUEST_LV_0300_20150904_000202	亡骸を埋葬して遺品を手に入れました！
QUEST_LV_0300_20150904_000203	亡骸を埋葬しました！
QUEST_LV_0300_20150904_000204	毒草を採取しました！
QUEST_LV_0300_20150904_000205	まだ何も採取していません！
QUEST_LV_0300_20150904_000206	石化物の粉を採取しています。
QUEST_LV_0300_20150904_000207	石化物の粉を採取しました！
QUEST_LV_0300_20150904_000208	石化物の粉の採取に失敗しました！
QUEST_LV_0300_20150904_000209	モンスターのコアを抜き出しています。
QUEST_LV_0300_20150904_000210	コアを獲得しました！
QUEST_LV_0300_20150904_000211	何も獲得できませんでした。
QUEST_LV_0300_20151014_000212	啓示者様！大丈夫ですか？{nl}石化の霜だなんて…本当に危なかったですよ。{nl}
QUEST_LV_0300_20151014_000213	私は昔石化の霜にやられた霊魂たちを導いています。{nl}
QUEST_LV_0300_20151014_000214	しかしこの石化の霜は魔王ジェスティの呪い…{nl}我々クポルたちまで石にしてしまうのです。{nl}
QUEST_LV_0300_20151014_000215	少なくとも石化の霜がいつ吹いてくるかだけ分かればいいです。{nl}人間たちが置いていった石化探知機があるのですが、物によっては故障しているようですね。{nl}ちょっと手伝っていただけませんか？
QUEST_LV_0300_20151014_000216	先ほどご覧になった探知機はちゃんと作動しているようです。{nl}残りの探知機はどうか調べてみてください。
QUEST_LV_0300_20151014_000217	石化の霜はあらゆるものを石に変えてしまいます。そう、霊魂までも…。{nl}我々クポルも例外ではありません。
QUEST_LV_0300_20151014_000218	ああ、そうですか。{nl}二つ故障していたのですね。
QUEST_LV_0300_20151014_000219	探知機の問題は、これを作った王国軍に聞いた方がいいでしょう。{nl}レティアという人が王国軍の将校らしいので、もしかしたら何か分かるかもしれません。
QUEST_LV_0300_20151014_000220	その方はベルクティ広場にいます。{nl}人間のことはクポルが介入するのは難しいのでよろしくお願いします。
QUEST_LV_0300_20151014_000221	沿岸要塞地域の石化探知機に問題が？{nl}ええ、それは知っています。まぁそうでしょうね。
QUEST_LV_0300_20151014_000222	ということは、まだ到着していないのですか？{nl}すでに修理する兵力をそちらに派遣したのですが。{nl}
QUEST_LV_0300_20151014_000223	嫌な予感がします。{nl}しかしこちらは頻繁なモンスターの襲撃により追加兵力を送る余力がありません。{nl}啓示者様に修理兵力の追跡をお願いしてもよろしいでしょうか？
QUEST_LV_0300_20151014_000224	もしかすると沿岸要塞で襲われたのかもしれません。{nl}しかし彼らは王国の兵士。亡骸だけでもここにあるべきです。
QUEST_LV_0300_20151014_000225	沿岸要塞の入口の方で石化の霜がよく報告されていますので、その近辺ではないかと思います。{nl}もし亡骸を発見したら、お手数をおかけしますが遺品の収拾をお願いします。{nl}
QUEST_LV_0300_20151014_000226	すでに手遅れだったのですね。{nl}遺品だけでも収拾してくださりありがとうございました。女神の胸で安らかに眠りたまえ…。
QUEST_LV_0300_20151014_000227	石化探知機を直し終わったらまた私のところに寄ってください。{nl}どうしても話したいことがありますので。
QUEST_LV_0300_20151014_000228	すべての霊魂を女神のもとに導けるよう、よろしくお願いします。{nl}女神の加護が共にあらんことを…。
QUEST_LV_0300_20151014_000229	最後に、啓示者様にお話ししたいことがあると言いましたよね。{nl}一体なぜ人間たちがこんな目に遭わなければならないのか気になっているはずです。{nl}
QUEST_LV_0300_20151014_000230	「石化の霜は反乱の罰」というのは、実はただの作り話です。{nl}反乱が終わった時にちょうど起こった呪いだったので、人間たちがそのように思うのは当然でしょう。{nl}
QUEST_LV_0300_20151014_000231	しかし事実は違います。{nl}すべては彼らの計略だったのです。{nl}
QUEST_LV_0300_20151014_000232	でもそれを先に破ったのは魔族でした。{nl}それがこの石化の霜…。死を越えて霊魂までも石になってしまいました。{nl}
QUEST_LV_0300_20151014_000233	魔王ジェスティはこの一帯に石化の呪いをかけ、女神たちは人間を救おうとしました。{nl}しかし魔族は互いのことに関与しないというルールを忘れたのかと言い、そこに…{nl}
QUEST_LV_0300_20151014_000234	すみません。あまりにも辛い記憶なので…{nl}恐ろしい災いを起こしたのです。{nl}
QUEST_LV_0300_20151014_000235	女神たちが石化したここの救済を諦めるほど恐ろしい災いでした。{nl}この石化の霜…これはすべて…我々が救済を諦めた罰なのです。{nl}
QUEST_LV_0300_20151014_000236	今からでもその霊魂たちをすべて救いたいと思っています。{nl}啓示者様が石化探知機を全部直してくださったので、必ず霊魂たちを安息の地に送り届けてみせます。
QUEST_LV_0300_20151014_000237	誠意を尽くして一人ずつ導くつもりです。{nl}啓示者様の未来に女神の加護があらんことを。
QUEST_LV_0300_20151014_000238	魔族が人間のお前にこんな頼みをするなど、にわかには信じがたいだろう。{nl}だが私をよく見てみろ。この悲惨の姿を見てあざ笑っても構わない。{nl}
QUEST_LV_0300_20151014_000239	数百年の間、何度も脱出しようと努力した。{nl}しかし石化の呪いは魔王の力。終わりのない絶望だけが私の首を絞めた。{nl}
QUEST_LV_0300_20151014_000240	たとえ脱出できたとしても、義務を果たせず逃げた身。{nl}裏切り者として罠にかけられるだろう。私をあざ笑った仲間たちの足元を這いながら…{nl}
QUEST_LV_0300_20151014_000241	私の死に協力してくれたら、必ずお前の呪いを解いてやろう。{nl}ギルティネ様の名にかけて約束する。
QUEST_LV_0300_20151014_000242	動くことも死ぬこともできない身体など、どうなっても構わない。{nl}ただ、もう休みたいだけだ。
QUEST_LV_0300_20151014_000243	あの上の方に鬱蒼と茂る毒草なら死ねるはずだ。
QUEST_LV_0300_20151014_000244	人間の毒草が魔族の私に安息をもたらすことを祈ろう。
QUEST_LV_0300_20151014_000245	ありがとう。この辛い日々を終わらせられることを祈るか…。
QUEST_LV_0300_20151014_000246	やはり何も起きないか。{nl}ならば…悲惨だが仕方あるまい。あれほど消してやりたかった者に頼るしか…。
QUEST_LV_0300_20151014_000247	女神の声に従う者から聖水をもらって来てくれ。{nl}その聖なる力が私を死に導いてくれるだろう。
QUEST_LV_0300_20151014_000248	クレリックマスターという者がその聖水を扱っていると聞いた。{nl}魔族である私のためにやすやすと出してくれるだろうか…。
QUEST_LV_0300_20151014_000249	聖水ですか？{nl}失礼ですが、何に使うのかお聞きしてもよろしいでしょうか？
QUEST_LV_0300_20151014_000250	聖水を必要とする魔族がいる？{nl}申し訳ございませんが、お手伝いできません。{nl}
QUEST_LV_0300_20151014_000251	啓示者様の個人的な事情には口出ししませんが…。{nl}どんな理由であれ、クレリックとして魔族に協力することはできません。
QUEST_LV_0300_20151014_000252	クレリックとして、魔族にはこれからも絶対に協力できません。{nl}どうかご理解ください。
QUEST_LV_0300_20151014_000253	なるほど…そうか。{nl}期待をし過ぎたのかもしれんな。
QUEST_LV_0300_20151014_000254	仲間と信じていた奴らは私を捨てた。{nl}ならば私がこれを持っている理由ももうない。{nl}
QUEST_LV_0300_20151014_000255	魔将は神に捧げる人間の霊魂を集めろと命令された。{nl}だから私たちはここに霊魂を集める集約機を作った。{nl}
QUEST_LV_0300_20151014_000256	過程は順調だったが、私がうっかり石化の霜の呪いにかかってしまった。{nl}動けなくなった私を仲間たちはあざ笑いながら言った。{nl}
QUEST_LV_0300_20151014_000257	「これからお前は霊魂集約機の魔力源になるのだ」と。{nl}なぜその言葉を今まで忘れていたのか…。
QUEST_LV_0300_20151014_000258	お前もやられたから分かるだろう。{nl}結界石にかかった呪い…それは人間を引き入れて霊魂を取り出す。{nl}
QUEST_LV_0300_20151014_000259	そうして引き出された霊魂は霊魂集約機に集まって神に捧げられる。{nl}神か…私みたいな境遇だな。
QUEST_LV_0300_20151014_000260	霊魂集約機は、三つの結界石の保護を受けている。{nl}下の方の結界石から破壊してその核を持ってきてくれ。{nl}
QUEST_LV_0300_20151014_000261	再びあの呪いにかからないよう呪文をかけておこう。{nl}霊魂集約機は私の生命力を吸い込んで動くから簡単なことだ。
QUEST_LV_0300_20151014_000262	私を捨ててあざ笑っていた奴らは仲間と呼ばれる資格もない。{nl}死を以て復讐する。この私を一介の動力源にしたことを後悔させてやる。
QUEST_LV_0300_20151014_000263	よくやった。だんだん死が近づいてきたぞ。{nl}この核は霊魂集約機の過負荷を起こすオーブの材料になるだろう。
QUEST_LV_0300_20151014_000264	次の結界石は上の方にある。{nl}一度に大きな力を吹き込め。そう、爆発のような力を。{nl}
QUEST_LV_0300_20151014_000265	そうだ…犠牲者の中に盗掘師がいたな。{nl}爆薬で私に死をもたらそうとしてくれたが、結局無駄だった。
QUEST_LV_0300_20151014_000266	結界石の核を忘れてはならない。{nl}呪いにかからないようもう一度呪文をかけておこう。
QUEST_LV_0300_20151014_000267	なぜ今までこの方法を思いつかなかったのだろう。{nl}私の忠誠心が孤独の恐怖より大きかったのかもしれないな。
QUEST_LV_0300_20151014_000268	そろそろ一番端にある最後の結界石は暴走しているだろう。{nl}
QUEST_LV_0300_20151014_000269	モンスターが石化する時に一緒に固まった最後の息吹…それを結界石に投げろ。{nl}徐々に崩れるはずだ。
QUEST_LV_0300_20151014_000270	結界石の核は凝縮された霊魂からなっている。{nl}それを集めて霊魂集約機を爆発させるオーブを作るつもりだ。
QUEST_LV_0300_20151014_000271	お前が集めてきた結界石の核に私の最後の力を込める。{nl}これでモンスターの雷管を引き抜いてオーブを作れ。{nl}
QUEST_LV_0300_20151014_000272	もちろんオーブを作る方法も教えてやる。{nl}霊魂集約機を爆発させるオーブをな…。{nl}
QUEST_LV_0300_20151014_000273	そして私の最後の願いを…叶えてくれ。
QUEST_LV_0300_20151014_000274	私の力と共にオーブを作る方法も伝授した。{nl}オーブを作るのはたやすいだろう。
QUEST_LV_0300_20151014_000275	成功したな…。{nl}
QUEST_LV_0300_20151014_000276	ギルティネ様の名の意味を知っているか？{nl}それは「死」。今の私の…唯一の拠り所だ。{nl}
QUEST_LV_0300_20151014_000277	昔の私は魔族のためならどうなっても構わないと思っていた。{nl}だがそんな私にもたらされたのは再び吹き寄せる石化の霜だけだった。{nl}
QUEST_LV_0300_20151014_000278	数百年の間、ゆっくりと固まっていった。{nl}皆の頭の中から私の名前は消えた。{nl}
QUEST_LV_0300_20151014_000279	たとえあの方が私に安息をもたらしてくれなくても、今よりはマシだろう。{nl}もう、ただ休みたいのだ…。
QUEST_LV_0300_20151014_000280	死が私に近づいている。{nl}気分がいい…。
QUEST_LV_0300_20151014_000281	ああ、それだ。私にそれを。
QUEST_LV_0300_20151014_000282	見つけてくださった遺品の中に…沿岸要塞の探知機を修理する部品があるはずです。{nl}
QUEST_LV_0300_20151014_000283	これですね。{nl}修理自体は難しくないでしょう。
QUEST_LV_0300_20151014_000284	王国軍は、王国に忠誠を誓い与えられた任務を全うすることこそ名誉ある道と教わります。{nl}彼らの最後の任務を啓示者様が終わらせてください。
QUEST_LV_0300_20151014_000285	遠方からご苦労様でした。{nl}これが石化探知機を修理する部品ですね。
QUEST_LV_0300_20151014_000286	実は部品の調達が難しいだけで、修理自体は簡単なんですよ。{nl}さあ、気をつけてお帰りください。
QUEST_LV_0300_20151014_000287	柱
QUEST_LV_0300_20151014_000289	[クレロスの生い立ち]
QUEST_LV_0300_20151014_000290	{nl}クレロスは、ある領主の家の長男として生まれましたが、継母の息子に継承権を奪われ領地の外に追い出されました。これが彼の人生で最初の失敗となりました。
QUEST_LV_0300_20151014_000291	{nl}彷徨っていた彼は知人の勧めで辺境に仕事を求めて旅立ちました。しかしそれは詐欺で、強制的に捕まったまま死ぬほど働かされました。
QUEST_LV_0300_20151014_000292	{nl}その後ルクリスに助けられて半奴隷生活から抜け出し、しばらくは武芸の修練を積みながら平和な暮らしを送っていました。しかしルクリスが討伐されたことで彼の束の間の安息は再び災難に変わりました。
QUEST_LV_0300_20151014_000298	その指輪は母さんが僕にくれたもの。{nl}ルクリス様を助けて必ず勝って戻ってこいと言われたんだ。{nl}
QUEST_LV_0300_20151014_000299	でもルクリス様が亡くなってもこの長い戦争は終わる気配がない。{nl}彼は…エミネントはどこにいるんだろうか？{nl}
QUEST_LV_0300_20151014_000300	何がどうなろうともう構わない。{nl}僕はこの指輪と共に母さんのいる家に帰りたいんだ…。
QUEST_LV_0300_20151014_000301	僕の家は城郭内地区にあった…。{nl}お願いだ。どうか家に帰らせてくれ。指輪と一緒に…。
QUEST_LV_0300_20151014_000302	ああ、ガイリュス・ルグィンは俺の旧友さ。{nl}旧友は他人の大事な物を借りたら返さなくてもいいってのか？{nl}
QUEST_LV_0300_20151014_000303	父親が死んだならその娘が借金を返すべきだろうが！{nl}なのに俺はそのユスティナとかいう娘を見たこともないんだぞ。{nl}
QUEST_LV_0300_20151014_000304	正直、俺の物さえ返してくれればどうでもいいんだ！{nl}その娘だという女が本物でも偽物でも俺の知ったことじゃない。
QUEST_LV_0300_20151014_000305	もう取引なんかしない。{nl}俺がなぜこんなに侮辱されなければならないんだ！
QUEST_LV_0300_20151014_000306	ユスティナに会いたい…。
QUEST_LV_0300_20151014_000309	メサパスラ部隊長 ゴーマン
QUEST_LV_0300_20151014_000314	高原の兵士 バスケッズ
QUEST_LV_0300_20151014_000316	空腹よりも寒くて死にそうだ。{nl}何かいい方法はないか…。
QUEST_LV_0300_20151014_000319	連絡兵 ロチェス
QUEST_LV_0300_20151014_000324	補給兵 ロンダ
QUEST_LV_0300_20151014_000327	スカイカ補給路の方に高原ジャガイモが植わっています。{nl}掘るのは簡単なのですが…{nl}
QUEST_LV_0300_20151014_000328	補給兵は私一人なのでジャガイモを掘る時間もありません。{nl}あっちの方に行くことがあったらジャガイモを少しだけお願いします。
QUEST_LV_0300_20151014_000329	初めて会った方にこんなお願いをするのは本当に申し訳ないのですが…{nl}状況が状況ですのでどうしようもありません。
QUEST_LV_0300_20151014_000330	肉ばかり食べていてはまともに戦う力が出ません。{nl}バランス良く食べることが重要です。
QUEST_LV_0300_20151014_000331	ここは他の場所より寒いので、腹を満たさないと耐えられません。{nl}補給兵である私は本当に頭が痛いですよ。
QUEST_LV_0300_20151014_000336	テントの中の負傷者
QUEST_LV_0300_20151014_000337	ううっ…お師匠様…{nl}とても苦しいです…。
QUEST_LV_0300_20151014_000338	お母さん…会いたい…ううう…。
QUEST_LV_0300_20151014_000339	ウィザード ホラス
QUEST_LV_0300_20151014_000342	高原の兵士 モティマー
QUEST_LV_0300_20151014_000347	石化の霜を避けて
QUEST_LV_0300_20151014_000348	何を手伝えばいいですか
QUEST_LV_0300_20151014_000349	助けてくれたのはありがたいがもうここを去る
QUEST_LV_0300_20151014_000350	遠すぎるので他の方法を探そう
QUEST_LV_0300_20151014_000351	手伝う余力がない
QUEST_LV_0300_20151014_000352	しばらくここにとどまってから行く
QUEST_LV_0300_20151014_000353	石化探知機を修理してくる
QUEST_LV_0300_20151014_000354	もう少し準備が必要だ
QUEST_LV_0300_20151014_000355	石化探知機が作動し始めます！
QUEST_LV_0300_20151014_000356	部品がしっかり固定されていません。{nl}周辺のモンスターから紐のような物を手に入れてください。
QUEST_LV_0300_20151014_000357	部品を固定する物が必要です。
QUEST_LV_0300_20151014_000358	霊魂を導いてほしい
QUEST_LV_0300_20151014_000359	話をもう一度聞く
QUEST_LV_0300_20151014_000360	結界石を調べています。
QUEST_LV_0300_20151014_000361	結界石に霊魂が吸い込まれていくようです！{nl}これを解決してくれる誰かを早く探してください！
QUEST_LV_0300_20151014_000362	魔族は助けられない
QUEST_LV_0300_20151014_000363	仕方ないから帰る
QUEST_LV_0300_20151014_000364	しばらく考えてみる
QUEST_LV_0300_20151014_000365	聖水を手に入れてくる
QUEST_LV_0300_20151014_000366	もう協力できない
QUEST_LV_0300_20151014_000367	死のために(1)
QUEST_LV_0300_20151014_000368	霊魂集約機を破壊する
QUEST_LV_0300_20151014_000369	助けるのをやめる
QUEST_LV_0300_20151014_000370	霊魂集約機について
QUEST_LV_0300_20151014_000371	人の気配に気づいたモンスターたちが押し寄せてきます！{nl}モンスターの攻撃を避けて結界石を破壊してください！
QUEST_LV_0300_20151014_000372	死のために(2)
QUEST_LV_0300_20151014_000373	爆薬を集めてくる
QUEST_LV_0300_20151014_000374	爆薬に火をつけています。
QUEST_LV_0300_20151014_000375	強力な爆発で結界石が破壊されました！
QUEST_LV_0300_20151014_000376	死のために(3)
QUEST_LV_0300_20151014_000377	オーブを置いています。
QUEST_LV_0300_20151014_000378	別れのあいさつをする
QUEST_LV_0300_20151014_000379	兵士の墓を確認しています。
QUEST_LV_0300_20151014_000380	助けてあげよう
QUEST_LV_0300_20151014_000381	指輪を置いています。
QUEST_LV_0300_20151014_000382	沿岸要塞の入り口の石化探知機を確認してください。
QUEST_LV_0300_20151014_000383	石化の霜から脱出
QUEST_LV_0300_20151014_000384	探知機を確認しようとしたところ、運悪く石化の霜が吹いてきました。石化の霜を避けて安全な場所へ走ってください！
QUEST_LV_0300_20151014_000385	クポル メイーレのおかげで石化の霜から無事避難できました。クポル メイーレと話してください。
QUEST_LV_0300_20151014_000386	クポル メイーレが石化の霜の影響を受けず安全に霊魂たちを導けるよう、この地域のまだ行っていない場所にある探知機をすべて調べてください。
QUEST_LV_0300_20151014_000387	クポル メイーレに状況を伝える
QUEST_LV_0300_20151014_000388	入口の方にあった探知機を除く4台の探知機をすべて確認しました。クポル メイーレのところに戻って状況を伝えてください。
QUEST_LV_0300_20151014_000389	故障した探知機を直さないとクポル メイーレが安全に霊魂を導けません。クポル メイーレと話してください。
QUEST_LV_0300_20151014_000390	王国軍 レティアを訪ねる
QUEST_LV_0300_20151014_000391	クポル メイーレによると、王国軍が石化探知機を設置したので彼らが一番詳しいそうです。ベルクティ広場の王国軍将校レティアを訪ねてください。
QUEST_LV_0300_20151014_000392	王国軍 レティアは沿岸要塞の石化探知機が壊れていることを知っているようです。作動しない石化探知機について王国軍 レティアと話してみましょう。
QUEST_LV_0300_20151014_000393	沿岸要塞の支援兵力の行方捜索
QUEST_LV_0300_20151014_000394	沿岸要塞に派遣された支援兵たちを追跡してください。 生存者がいない場合は彼らの遺品を収拾してください。モンスターたちが略奪したかもしれないので、付近のモンスターを狩ってみてもいいでしょう。
QUEST_LV_0300_20151014_000395	王国軍 レティアに届ける
QUEST_LV_0300_20151014_000396	王国軍の兵士たちは残念ながら亡くなっていました。遺品をすべて収拾したので、レティアのところに戻ってください。
QUEST_LV_0300_20151014_000397	王国軍将校 レティアと沿岸要塞の石化探知機修理について話してみましょう。
QUEST_LV_0300_20151014_000398	王国軍将校 レティアと沿岸要塞の石化探知機修理について話してみましょう。
QUEST_LV_0300_20151014_000399	クポル メイーレのところに戻る
QUEST_LV_0300_20151014_000400	石化探知機を修理する準備ができました。クポル メイーレと話してみましょう。
QUEST_LV_0300_20151014_000401	船着き場の石化探知機修理
QUEST_LV_0300_20151014_000402	クポル メイーレが霊魂を安全に導けるように、作動しなかった船着き場の石化探知機を修理してください。
QUEST_LV_0300_20151014_000403	突然押し寄せてきたモンスターをすべて倒しました。これで安心して石化探知機を修理できそうです。
QUEST_LV_0300_20151014_000404	スキーダ要塞の石化探知機修理
QUEST_LV_0300_20151014_000405	クポル メイーレが安全に霊魂を導けるように、スキーダ要塞の石化探知機を修理しに行ってください。
QUEST_LV_0300_20151014_000406	固定する紐収集
QUEST_LV_0300_20151014_000407	石化探知機を直すには部品を固定する物が必要です。モンスターから紐のような物を手に入れてください。
QUEST_LV_0300_20151014_000408	固定する紐を集めました。クポル メイーレが安全に霊魂を導けるように、スキーダ要塞の石化探知機を修理してください。
QUEST_LV_0300_20151014_000409	怪しい結界石を確認する
QUEST_LV_0300_20151014_000410	謎の結界石がしきりに私を呼んでいるようです。調べてみましょう。
QUEST_LV_0300_20151014_000411	助けてくれそうな誰かを探す
QUEST_LV_0300_20151014_000412	霊魂が抜けつつあるのか、次第に元気がなくなりスタミナが落ちています。早く動いてこの状況を解決してくれる誰かを探してください。
QUEST_LV_0300_20151014_000413	魔族 シュトリガイラと会話
QUEST_LV_0300_20151014_000414	魔族 シュトリガイラは理解できない独り言を言っています。どうやら事情を聞いてみた方がよさそうです。
QUEST_LV_0300_20151014_000415	ジニオス測量所に生える毒草収集
QUEST_LV_0300_20151014_000416	魔族 シュトリガイラから、自分が死ぬのを手伝ってくれたら呪いを解くと言われました。ジニオス測量所に生える毒草を手に入れてきてください。
QUEST_LV_0300_20151014_000417	魔族 シュトリガイラに毒草を届ける
QUEST_LV_0300_20151014_000418	魔族 シュトリガイラが欲しがっていた毒草を手に入れました。この毒草をシュトリガイラに届けてください。
QUEST_LV_0300_20151014_000419	シュトリガイラに必要な聖水を手に入れるため、クレリックマスターと話してください。
QUEST_LV_0300_20151014_000420	魔族 シュトリガイラのところに戻る
QUEST_LV_0300_20151014_000421	クレリックマスターはどんな理由であれ魔族を助けることはできないと言っています。残念ですがこの事実を魔族 シュトリガイラに伝えてください。
QUEST_LV_0300_20151014_000422	魔族 シュトリガイラに毒草は効果がないようです。彼と話してください。
QUEST_LV_0300_20151014_000423	魔族 シュトリガイラは、毒草の効果がなかったので聖水を利用して死のうとしています。クレリックマスターを訪ねて聖水をもらって来てください。
QUEST_LV_0300_20151014_000424	死のために
QUEST_LV_0300_20151014_000425	魔族 シュトリガイラはすでに知っていたようです。これから何をすべきか彼と話してください。
QUEST_LV_0300_20151014_000426	ドゥブース街道の結界石破壊
QUEST_LV_0300_20151014_000427	結界石を利用して霊魂集約機を破壊破壊すれば魔族 シュトリガイラが死に至るそうです。霊魂集約機を守っているドゥブース街道の結界石を破壊してその核を収集してください。
QUEST_LV_0300_20151014_000428	ドゥブース街道の結界石を破壊して核を収集しました。この核をシュトリガイラに届けてください。
QUEST_LV_0300_20151014_000429	結界石を破壊して%s収集
QUEST_LV_0300_20151014_000430	結界石を破壊して核収集
QUEST_LV_0300_20151014_000431	次の結界石を破壊するにはどうすればいいのか、シュトリガイラと話してみてください。
QUEST_LV_0300_20151014_000432	石化した盗掘師から爆薬収集
QUEST_LV_0300_20151014_000433	魔族 シュトリガイラによると、次の結界石は爆薬で破壊できるそうです。石化した盗掘師から爆薬を収集してください。
QUEST_LV_0300_20151014_000434	バカレジャ市場広場の結界石爆破
QUEST_LV_0300_20151014_000435	このくらいの量の爆薬ならば結界石を破壊できそうです。爆薬でバカレジャ市場広場の結界石を爆破してください。
QUEST_LV_0300_20151014_000436	最後の結界石を破壊するにはどうすればいいのか、シュトリガイラと話してみてください。
QUEST_LV_0300_20151014_000437	警備見張り台の結界石破壊
QUEST_LV_0300_20151014_000438	魔族 シュトリガイラは、最後の結界石を破壊するにはモンスターの最後の息吹が必要だと言っています。石化したモンスターから石になった最後の息吹を手に入れて、警備見張り台の結界石に投げ入れて破壊してください。
QUEST_LV_0300_20151014_000439	魔族 シュトリガイラに結界石の核を渡す
QUEST_LV_0300_20151014_000440	最後の結界石が破壊され、核を収集しました。シュトリガイラに結界石の核を届けてください。
QUEST_LV_0300_20151014_000441	すべての結界石を破壊してその核を手に入れたので、これから何をするべきか魔族 シュトリガイラと話してみてください。
QUEST_LV_0300_20151014_000442	シュトリガイラのオーブ製造
QUEST_LV_0300_20151014_000443	魔族 シュトリガイラから、霊魂集約機を爆発させるオーブを作るように言われました。石化したモンスターから雷管を入手し、製造書を使用してシュトリガイラのオーブを作ってください。
QUEST_LV_0300_20151014_000444	崩れた寺院跡の霊魂集約機破壊
QUEST_LV_0300_20151014_000445	シュトリガイラのオーブを作りました。このオーブを霊魂集約機のところへ持って行ってください。
QUEST_LV_0300_20151014_000446	霊魂集約機破壊
QUEST_LV_0300_20151014_000447	霊魂集約機を破壊する時が来ました。シュトリガイラのオーブを持って霊魂集約機を破壊してください。
QUEST_LV_0300_20151014_000448	シュトリガイラのオーブを置くと、その力を感じたモンスターたちがものすごい勢いで集まってきました。押し寄せたモンスターを倒してください。
QUEST_LV_0300_20151014_000449	霊魂集約機が破壊されました。シュトリガイラのところに戻ってください。
QUEST_LV_0300_20151014_000450	魔族 シュトリガイラの最期の言葉を聞いてあげる
QUEST_LV_0300_20151014_000451	魔族 シュトリガイラの願いを叶える時が来たようです。彼の話を聞いてあげてください。
QUEST_LV_0300_20151014_000452	兵士の墓確認
QUEST_LV_0300_20151014_000453	とても古そうな兵士の墓があります。調べてみてください。
QUEST_LV_0300_20151014_000454	襲ってきた怨恨退治
QUEST_LV_0300_20151014_000455	急に兵士の霊魂がモンスターになって攻撃してきました。とりあえず倒した方がいいでしょう。
QUEST_LV_0300_20151014_000456	恨みを持った兵士の霊魂がある程度落ち着いたようです。恨みを持った兵士の霊魂と話してください。
QUEST_LV_0300_20151014_000457	何か事情がありそうです。恨みを持った兵士の霊魂と話してください。
QUEST_LV_0300_20151014_000458	恨みを持った兵士の霊魂は、指輪と一緒に母親のいる家に帰りたがっています。指輪を持って城郭内地区にある兵士の家に行ってください。
QUEST_LV_0300_20151014_000459	毒草を採取しました！
QUEST_LV_0300_20151014_000460	最後の息吹を収集しています。
QUEST_LV_0300_20151014_000461	最後の息吹を獲得しました！
QUEST_LV_0300_20151028_000462	この街は本当に…残念です。{nl}私は女神の意志を受け継ぎ、石化の霜にやられた霊魂たちを導いています。
QUEST_LV_0300_20151028_000463	女神のもとに行けなかった霊魂たちのため息を聞くと胸が痛くなります。
QUEST_LV_0300_20151028_000464	(何かメッセージが書かれているようだ。)
QUEST_LV_0300_20151028_000465	(何か刻まれているようだが、おかしな影のせいで暗くてよく見えない。){nl}
QUEST_LV_0300_20151028_000466	(この近くで明るい光を出しそうな物を手に入れれば見えるかもしれない。)
QUEST_LV_0300_20151028_000467	(何かはめ込めそうな溝が見える。){nl}
QUEST_LV_0300_20151028_000468	(この近くで手に入れられそうだが…。)
QUEST_LV_0300_20151028_000469	(何か刻まれているがほとんど見えない。)
QUEST_LV_0300_20151028_000470	(何か刻まれているが、よく見えない。)
QUEST_LV_0300_20151028_000471	もし旅の途中で王国の関係者に会ったらどうか伝えてくれ。{nl}ここは俺たちが今も誠実に任務を遂行中だと。{nl}
QUEST_LV_0300_20151028_000472	…女神の加護を祈ってるぜ。
QUEST_LV_0300_20151028_000473	大胆で失礼な奴だ。{nl}俺が損したも同然なのに、何も分かっちゃいない。
QUEST_LV_0300_20151028_000474	詐欺師のくせにずうずうしいわね。{nl}ユスティナのお父様はどうしてあんな人と友達だったのかしら。
QUEST_LV_0300_20151028_000475	ユスティナの家宝を取り戻せて本当によかったです。{nl}でもあのパードナーにはもうちょっと言わないと気が済みません！
QUEST_LV_0300_20151028_000476	本当にあの少女は誰だったのでしょうか？{nl}ユスティナには…正直に話すべきでしょうか？
QUEST_LV_0300_20151028_000477	気をつけてください。もうすぐ石化の霜が吹いてきます。{nl}でもいつ吹くかは分からないので…。{nl}
QUEST_LV_0300_20151028_000478	補給路の石化探知機はちゃんと作動しているのでしょうか？{nl}
QUEST_LV_0300_20151028_000479	ベルクティ広場にいるレティアという将校が助けてくれるかもしれません。{nl}人間のことはクポルが介入するのは難しいのでよろしくお願いします。
QUEST_LV_0300_20151028_000480	すでに一度は救済を諦め、神樹の日は何もできませんでした。{nl}もうこれ以上諦めたくありません。
QUEST_LV_0300_20151028_000481	お前が例の啓示者か。{nl}
QUEST_LV_0300_20151028_000482	実に気の毒だ。{nl}お前も私と同じ。縛られていて決して抜け出すことができない。
QUEST_LV_0300_20151028_000483	恐れるな。{nl}俺がお前を傷つけることも、お前が俺を傷つけることもできない。
QUEST_LV_0300_20151028_000484	おそらくお前の友達のボコルなら、その聖物とやらの正体を暴けるだろう。{nl}俺もあれが一体何なのか知りたい。
QUEST_LV_0300_20151028_000485	真理の樹教団はカーライルの霊廟へ入って行ったぞ。{nl}気をつけろ。どう考えても奴らはまともじゃないからな。
QUEST_LV_0300_20151028_000486	女神の名を騙ってこんな悪ふざけをするとは…故人を侮辱するにもほどがある。{nl}
QUEST_LV_0300_20151028_000487	その真理の樹教団とやらに会って痛い目に遭わせてやりたいが…{nl}死者たちの安息が先だ。
QUEST_LV_0300_20151028_000488	マルギリス様はカーライル墓地へ続く道にいらっしゃいます。{nl}私が差し上げた真理の証をマルギリス様に持っていけばあなたの功を認めてくださるでしょう。
QUEST_LV_0300_20151028_000489	マルギリス様は我が教団の素晴らしき指導者の一人です。{nl}未熟な私の目を覚ましてくださいました。
QUEST_LV_0300_20151028_000490	我が真理の樹教団は肉体が朽ち果てた霊魂までも救済する。{nl}さあ、カーライルの罪を救済するのだ。{nl}
QUEST_LV_0300_20151028_000491	彼の罪が書かれた文書だけが彼の霊魂を神樹に導くのだ。
QUEST_LV_0300_20151028_000492	カーライルもまた罪多き霊魂。{nl}罪を許された霊魂はやがて神樹と一つになるのだ。
QUEST_LV_0300_20151028_000493	くそっ、さっきのあの爆発音は何だ？
QUEST_LV_0300_20151028_000494	急に何かの爆発音が聞こえて、その時からモンスターたちが暴れ始めました。{nl}まさかあなたたちが何かやったわけじゃないですよね？
QUEST_LV_0300_20151028_000495	先ほどは助けてくださり本当にありがとうございました。{nl}しかしここは絶対に部外者が入ってはいけない場所です。
QUEST_LV_0300_20151028_000496	本当なら部外者は即刻追い出さなければいけないのですが…{nl}デルス様があなたたちの助けを必要とされているので仕方ありません。
QUEST_LV_0300_20151028_000497	モンスターたちが一気に押し寄せてきて、駐屯地も失い仲間もたくさん傷つきました。{nl}今まで一度もこんなことはなかったのに…。
QUEST_LV_0300_20151028_000498	大地の要塞を守っていて今までこんなことは一度もありませんでした。{nl}一応王国軍の中でも精鋭兵として引き抜かれたのにプライドが傷つきますね。
QUEST_LV_0300_20151028_000499	部外者の支援を受けるのは初めてです。{nl}いつもなら即刻追い出すのですが…この事態をどう受け入れるべきか…。
QUEST_LV_0300_20151028_000500	デルス様にはきっと何かお考えがあるのでしょう。{nl}助けてくださったのはありがたいのですが、こんな時どうすればいいのか私もよく分かりません。
QUEST_LV_0300_20151028_000501	少しだけ休めばすぐに動けると思います。{nl}あなたたちの支援など受けなくてもまだ戦えます。
QUEST_LV_0300_20151028_000502	前哨区域にいる奴らはちゃんと見回りしてるんだろうか？{nl}部外者なんか入れて…あなたたちの支援なんて不要でしたよ。
QUEST_LV_0300_20151028_000503	いくら助けてくれたとは言え部外者は部外者です。{nl}デルス様が何を考えているのか分かりませんが、早く出ていってください。
QUEST_LV_0300_20151028_000504	少し休めばこれくらいの傷、どうってことないです。{nl}支援は必要ありませんので、デルス様に要請されたことが済んだら早く出ていってください。
QUEST_LV_0300_20151028_000505	突撃する準備ができました。{nl}怖いなら後ろに下がっていてもいいですよ。
QUEST_LV_0300_20151028_000506	奴らに復讐する時が来ました。{nl}命令さえあればすぐに突撃します！
QUEST_LV_0300_20151028_000507	さっきは奇襲だったから油断しただけ。{nl}あんなモンスターなど全然怖くありません！
QUEST_LV_0300_20151028_000508	ケガくらい、ちょっと休んだので問題ありません。{nl}とにかく早く駐屯地を取り戻したいのです！
QUEST_LV_0300_20151028_000509	あなたの支援がなくても我々だけで駐屯地を取り戻せます。{nl}デルス様は一体何を心配しているのか…。
QUEST_LV_0300_20151028_000510	負けると思ったらもう負けなのです。{nl}我々は必ず駐屯地を取り戻します！
QUEST_LV_0300_20151028_000511	デルス様の命令を待つのみです。{nl}復讐する時が来たのです！
QUEST_LV_0300_20151028_000512	もう二度と駐屯地を奪われたりしません。{nl}王国軍の名誉にかけて！
QUEST_LV_0300_20151028_000513	思ったよりお強いんですね。{nl}正直ちょっとびっくりしました。
QUEST_LV_0300_20151028_000514	スッキリしましたが、部外者の手を借りたのは後味が悪いですね。{nl}さあ、早く出ていってください。
QUEST_LV_0300_20151028_000515	デルス様がここに入ってきた理由は聞かないとおっしゃっていたので、私たちも聞きません。{nl}ですが駐屯地を取り戻したのでもう出ていってください。
QUEST_LV_0300_20151028_000516	今からが始まりです。{nl}いつまた押し寄せてくれるか分かりませんので油断できません。
QUEST_LV_0300_20151028_000517	元々ここは王命により部外者の出入りが禁止された場所です。{nl}感謝はしていますが、我々ももうどうしようもできません。{nl}
QUEST_LV_0300_20151028_000518	さあ、もう前哨区域へ行ってください。{nl}それともいつまで大地の要塞にいるおつもりですか？
QUEST_LV_0300_20151028_000519	あなたの支援がなくても駐屯地は取り戻せたと思います。{nl}でも、なかなかの戦いぶりでしたよ。
QUEST_LV_0300_20151028_000520	もう二度と駐屯地を奪われたりしません。{nl}あなたのような部外者から助けられることも二度とないでしょう。
QUEST_LV_0300_20151028_000521	駐屯地の防御をさらに強化するようデルス様に提案するつもりです。{nl}二度とこんな辱めを受けたくありません。
QUEST_LV_0300_20151028_000522	いつまでも休んでいるわけにはいきません。{nl}モンスターがまた攻撃してくるかもしれませんし、あなたのような部外者を阻止しなければなりませんから。
QUEST_LV_0300_20151028_000523	チッ、仕方ないね。{nl}とりあえずあいつらの言う通りにした方がよさそうだ。
QUEST_LV_0300_20151028_000524	面倒なことになったよ。{nl}でも、あたいだっても危険な目に遭ってる人を見て見ぬふりはしたくないんだ。
QUEST_LV_0300_20151028_000525	兵士たちとは話も通じない。{nl}こんなに手伝ってやったのにまさか追い出す？
QUEST_LV_0300_20151028_000526	とりあえず言われた通りにやったけど…これからどうする？
QUEST_LV_0300_20151028_000527	ちょっと…どうなってるんだよ…。{nl}
QUEST_LV_0300_20151028_000528	いや…弱音を吐いてる場合じゃないね！{nl}このくらいでビビるなら最初からここには来てないよ。{nl}とりあえず女神の示す道に入ってみよう。
QUEST_LV_0300_20151028_000529	恐ろしい呪いって一体何だろうね？{nl}そしてさっきのあの魔族は…一体はここは何がどうなってるんだ？{nl}
QUEST_LV_0300_20151028_000530	石化の霜は何度も見てきたけど、こんなのは初めてでめちゃくちゃ驚いたよ。{nl}とりあえず女神の示す道に入ってみよう。こんなことで立ち止まってちゃダメだ。
QUEST_LV_0300_20151028_000531	何かあり得ないくらいものすごい、巨大な力だったね。{nl}今回は確かだよ。
QUEST_LV_0300_20151028_000532	その力は巨大すぎて恐ろしいくらいだった。{nl}一体このモノクルは何を見るものなんだろう…。
QUEST_LV_0300_20151028_000533	認証票の作り方をメモるの、絶対忘れるんじゃないよ。{nl}それがないとあたいはあんたが来るまでぼーっと待ってなきゃならないんだ。
QUEST_LV_0300_20151028_000534	あんたがあの老人の注意を引いといてくれよ。{nl}あたいは他に調べることがあるからさ。{nl}
QUEST_LV_0300_20151028_000535	たまにお互い連絡しながらしばらくは別行動しよう。分かったね？
QUEST_LV_0300_20151028_000536	エミネントという人と決戦地で再会することにしたって？{nl}一緒に行こう。モノクルで直接見ればはっきりするはずだよ。
QUEST_LV_0300_20151028_000537	600年前の人がまだ生きてるだけじゃなく、魔族とグルかもしれないなんて。{nl}あり得ない事実だらけで頭が痛くなってきた。
QUEST_LV_0300_20151028_000538	とりあえずあんたはエミネントの要求を適当に聞いてやりな。{nl}そしてこっそりファラミーゾ激戦地で会うんだ。いいね？
QUEST_LV_0300_20151028_000539	エミネントがあたいの存在を知らなくて本当に良かったよ。{nl}準備はあたいがしておくから、忘れずにファラミーゾ激戦地へ来な。
QUEST_LV_0300_20151028_000540	あたい？あたいは今から本格的に自分の仕事を始めるよ。{nl}おかげで手がかりも手に入れたからすぐに見つかるだろう。{nl}
QUEST_LV_0300_20151028_000541	エミネントのおかげでカリス騎士団が好きそうなものがバッチリ分かった。{nl}でも、まだあたいの取り分を手に入れてないから、あたいはもう少しここにいるよ。
QUEST_LV_0300_20151028_000542	退却しなければ…{nl}でなければ全滅だ…。
QUEST_LV_0300_20151028_000543	早く撤退のラッパを吹かなきゃ…。
QUEST_LV_0300_20151028_000544	こんな何の役にも立たない碑石は全部破壊するべきです。{nl}もう女神を探すのはやめて現実を見なくてはいけません。
QUEST_LV_0300_20151028_000545	きっと俺たち以外にも引っかかった奴らがいるはずだ。{nl}力で抑えつけるだけじゃなく、内側から崩そうとしているんだろう…。{nl}
QUEST_LV_0300_20151028_000546	魔族の企みが次第にタチが悪くなっている。{nl}いや、タチが悪いというレベルじゃない。とても危険な匂いがするぞ。
QUEST_LV_0300_20151028_000547	ダミヨナスからすでに言われているでしょうから、このくらいにしておきます。{nl}その代わり絶対に碑石は壊さないでくださいね。
QUEST_LV_0300_20151028_000548	人の心に隙間ができたら、そこに悪い心が入り込むのは簡単です。{nl}そんな時ほど確固たる信仰を持たなければなりません。
QUEST_LV_0300_20151028_000549	本当にひやっとしました。{nl}まさか魔族が人の隙間に入り込んで仲たがいさせるなんて…。
QUEST_LV_0300_20151028_000550	今度からは絶対に碑石を壊すなんてしないでくださいね。{nl}どれだけ苦労して作ったか…。
QUEST_LV_0300_20151028_000551	ファビユスを待ちつつ我々も別途調べた方がよさそうですね。{nl}あなたはバルテに聞いてもらえますか？
QUEST_LV_0300_20151028_000552	確かにアルビナスという名前は私も聞いたことがありません。{nl}それに、我々ネストス派とアナストス派は互いを尊重しています。
QUEST_LV_0300_20151028_000553	ファビユス…{nl}何事もないといいのですが…。
QUEST_LV_0300_20151028_000554	ネストス派の人たちは魔族と戦う方法を知っています。{nl}事情を説明すればきっと助けてくれるでしょう！
QUEST_LV_0300_20151028_000555	あなたがいなければどうなっていたか…。{nl}魔族…奴らに負けないためには、我々も立場にこだわっている場合ではありませんね。
QUEST_LV_0300_20151028_000556	ヴァイガの紋章だなんて、そんなのを使うのは魔族の手下たちくらいのはず。{nl}人間がそんな紋章を使うなんて、一度も見たことありませんよ。
QUEST_LV_0300_20151028_000557	人間の隙間に入り込んだ魔族だなんて、私たちはこれから何に頼ればいいのですか？{nl}女神以外に一体何を信じられるのでしょうか…。
QUEST_LV_0300_20151028_000558	君、もしや大聖堂や魔術師の塔を見たことはあるかね？{nl}それともフェディミアンの巨大女神像など…。{nl}
QUEST_LV_0300_20151028_000559	あんなに大規模な工事を個人ができると思うか？{nl}無論できやしない。王国だってあんなすごい量の資材を揃えるのは難しいだろう。{nl}
QUEST_LV_0300_20151028_000560	あの歴史的な大工事の資材を供給してきた由緒深い商団がある。{nl}まさにそれが我々ケドラ商団である！{nl}
QUEST_LV_0300_20151028_000561	今まで女神の意志に従って陰で王国を助けてきたが…{nl}これからは世界の救済に積極的に名乗り出るつもりだ。
QUEST_LV_0300_20151028_000562	まぁ、我々ほどの商団が表に出たのだから、これからの苦労は想像を絶するだろう。{nl}たとえば魔族の標的になるとか…。{nl}
QUEST_LV_0300_20151028_000563	だがそんなことはよくあることだ。昔も危険だったのは同じだからな。{nl}同じ女神に従う者同士、うまくやろうじゃないか。
QUEST_LV_0300_20151028_000564	あとは簡単に処理できることですので私たちがやります。{nl}助けてくださりありがとうございました。
QUEST_LV_0300_20151028_000565	ここマナハース以外にも回収すべき物はたくさんあります。{nl}物によっては魔族の手に渡ると大変なので心配ですね。
QUEST_LV_0300_20151028_000566	これから新団員がもっと入ってくるだろうから、教育書をたくさん作るつもりだ。{nl}君のおかげで必要な物は手に入ったからもう心配ないだろう。
QUEST_LV_0300_20151028_000567	商団が世に出るってのが良いことだというのは分かるんだが、命が助かるかどうか…。{nl}まぁ、だからって今までやってなかったことを新たに始めるわけじゃないから関係ないけどな。{nl}
QUEST_LV_0300_20151028_000568	王国はまだ魔族に屈していない。{nl}誠意を尽くせばいつかは昔のような平和を取り戻せるだろう。
QUEST_LV_0300_20151028_000569	あとはオルシャで作業します。{nl}手伝ってくださって本当にありがとうございました。
QUEST_LV_0300_20151028_000570	ネストス派がやたらと碑石ばかり建ててるんです。{nl}碑石が汚染されてモンスターを呼びよせているのに…。
QUEST_LV_0300_20151028_000571	俺たちネストス派にはもちろん、アナストス派にもそんな名前はない。{nl}だとしたらアルビナスという女は一体何者だ？
QUEST_LV_0300_20151028_000572	どう考えてもけしからん奴だな、そのアルビナスという女は…。{nl}一体なぜ碑石を壊すんだ？
QUEST_LV_0300_20151028_000573	女神に力を補充する碑石を作っています。{nl}聖なる気を碑石に集めて女神に送るのです。
QUEST_LV_0300_20151028_000574	こういう大変な時ほど心の拠り所が必要なもの。{nl}だからこそ女神信仰が重要なのです。
QUEST_LV_0300_20151028_000575	ああ、忙しい。{nl}ネストス派とアナストス派の見解の違いを研究しているのですが…自分の研究室が恋しいです。
QUEST_LV_0300_20151028_000576	信仰は一つでも見解はいくつもに分かれる場合があります。{nl}あちらのネストス派と我々アナストス派のように。{nl}
QUEST_LV_0300_20151028_000577	だからと言ってこれが大きな違いや争いになることはありません。
QUEST_LV_0300_20151028_000578	私は王国を巡礼中です。{nl}このキャンプには来たばかりなんですよ。
QUEST_LV_0300_20151028_000579	巡礼を始めた頃はどこへ行っても聞こえるのはため息ばかりでしたが…{nl}今は啓示者様たちの活躍のおかげか、希望が少しは見えているようです。
QUEST_LV_0300_20151028_000580	誰もが4年前の平和な世界を懐かしんでいます。{nl}アナストス派はその時に戻るには現実をもっと直視すべきと言いますが…。{nl}
QUEST_LV_0300_20151028_000581	我々が女神を信じなければ誰が信じるのです。{nl}我々ネストスは女神のことも現実ととらえているのです。 
QUEST_LV_0300_20151028_000582	あなたが碑石を壊したという方ですか？{nl}まったく…
QUEST_LV_0300_20151028_000583	魔族がアナストス派を詐称したと聞きました。{nl}しかし我々はそんなことで互いに争ったりしません。
QUEST_LV_0300_20151028_000584	我々アナストスはネストス派よりは現実に目を向けています。{nl}何もせずただ女神を待つわけにはいかないでしょう？{nl}
QUEST_LV_0300_20151028_000585	しかしみな女神に仕え、信仰に集中する人々。{nl}だからこのように巡礼しているわけです。
QUEST_LV_0300_20151028_000586	アルビナスという女がファイアーロードに変身して私を攻撃してきた時はどうなることかと思いました。{nl}無事キャンプに戻れるよう助けてくださり本当にありがとうございました。
QUEST_LV_0300_20151028_000587	ケドラ商団はいつでも皆さんを歓迎します。{nl}気になることがあればいつでもいらしてください！
QUEST_LV_0300_20151028_000588	あら、うちの商団を見るのは初めてですか？{nl}それもそうでしょうね。これまで陰で活動してきましたから。{nl}
QUEST_LV_0300_20151028_000589	詳しいことはレオフォルダスおじさんから聞けますよ。{nl}私は仕事が忙しいのでこれで…。
QUEST_LV_0300_20151028_000590	元々ケドラ商団は女神の意志に従いつつ、表には出ず陰でのみ活動していたんだ。{nl}だが世の中がこの有り様だろう？黙って見ていることができなくなってね。{nl}
QUEST_LV_0300_20151028_000591	だから積極的に表に出ることにしたのさ。{nl}たとえ魔族の標的になろうともね。
QUEST_LV_0300_20151028_000592	我々ケドラ商団では新団員を本格的に受け入れるつもりだ。{nl}君も興味ないか？
QUEST_LV_0300_20151028_000593	ケドラ商団の新入りなのでまだまだ未熟者です。{nl}レオフォルダス様はプライドばかり強調されますが…。
QUEST_LV_0300_20151028_000594	まだ設置しなければならない掲示板がたくさんありますが、残りは一人でやります。{nl}できるはずです、たぶん…。
QUEST_LV_0300_20151028_000595	ケドラ商団の新入りです。よろしくお願いします！{nl}噂でしか聞いたことのないケドラ商団が新団員を募集すると聞いてすぐに入団しました。
QUEST_LV_0300_20151028_000596	ケドラ商団の名で啓示者様たちをお手伝いするのが私の仕事です。{nl}これからも一人前になるまではずっとこの仕事だと思います。
QUEST_LV_0300_20151028_000597	回収班員
QUEST_LV_0300_20151028_000598	ケドラ商団はここで神樹の日になくした物を回収する作業を進めています。{nl}この仕事はユーラテ班長の担当です。
QUEST_LV_0300_20151028_000599	記録班員
QUEST_LV_0300_20151028_000600	ケドラ商団の記録関連の実務を担当しています。{nl}記録に必要な物の数量を把握するなど…です。
QUEST_LV_0300_20151028_000601	新団員を教育する時に使う教育指針書を管理しています。{nl}これもケドラ商団の記録の一種ですから。
QUEST_LV_0300_20151028_000602	女神の帰還を待ちながらいつも祈っている。{nl}老いた身とは言え、できることは何でもやろうと思う。
QUEST_LV_0300_20151028_000603	まあ、聞いたことがなくても特に問題はない。{nl}元々静かに自身の信仰にのみ忠実な人たちだからな。
QUEST_LV_0300_20151028_000604	あまりにももどかしくて経典材料を探しに来ました。{nl}女神はいつか…戻ってきますよね？
QUEST_LV_0300_20151028_000605	なくした物を見つけて早くパサカ峡谷に行きたい…。
QUEST_LV_0300_20151028_000606	この人と話していると100歳年を取る気分です。{nl}まったく…。
QUEST_LV_0300_20151028_000607	俺の物だけ取り戻したらここには二度と来ない。{nl}娘が出世したからうまくやるだろう！{nl}
QUEST_LV_0300_20151028_000608	お前もこんな奴らとは関わらない方がいいぞ。
QUEST_LV_0300_20151028_000609	ここは軍事要衝地であると同時に危険地域でもある。{nl}とにかく気をつけた方がいいぞ。
QUEST_LV_0300_20151028_000610	山のふもとからの補給が途絶えて以来、部隊を維持するのも一苦労だ。{nl}まぁ、下の状況はもっと悪いんだろうがな。
QUEST_LV_0300_20151028_000611	早く任務を遂行しなきゃいけないのに…{nl}もうちょっとだけ耐えてみようか…。
QUEST_LV_0300_20151028_000612	本当に骨の中まで凍りつくほど寒いですね。{nl}いつまで耐えられるか…。
QUEST_LV_0300_20151028_000613	こんな場所では眠ったらおしまいです。{nl}少しずつでも体を動かし続けないといけません。
QUEST_LV_0300_20151028_000614	僕たちは毎日死と隣り合わせの状況で任務を遂行しています。{nl}しかし今日はあなたに出会わなければ…本当に運が良かったとしか言えません。
QUEST_LV_0300_20151028_000615	終えられなかった任務が気がかりで…。{nl}部隊長は大丈夫だと言ってくれましたが、僕は気になって仕方ありません。
QUEST_LV_0300_20151028_000616	シッ、お静かに。{nl}モンスターに見つからないよう隠れているんです。
QUEST_LV_0300_20151028_000617	少しだけ休めば動けそうなんですが…{nl}この書信はどうしよう…。
QUEST_LV_0300_20151028_000618	おかげで任務も完了し無事に戻ってこられました。{nl}こんな時、女神はまだ私を見捨てていないんだと痛感します。
QUEST_LV_0300_20151028_000619	自分がなぜ連絡兵を志願したのか分かりません。{nl}天気はともかく、モンスターの勢いがだんだん激しくなっていて、任務はきつくなる一方です。
QUEST_LV_0300_20151028_000620	補給物資は底をついているのに、王国からはまだ連絡がありません。{nl}でも私は補給兵ですので、何とか耐えてみようと思っています。
QUEST_LV_0300_20151028_000621	本当に何もかも不足しています。{nl}周辺のモンスターを狩って自給自足で耐えてはいますが…。{nl}
QUEST_LV_0300_20151028_000622	いや、悪い想像はやめておきます。
QUEST_LV_0300_20151028_000623	民間人は早く山のふもとに下りた方がいいと思います。{nl}ここにいても凍死するか飢え死にするかですから。
QUEST_LV_0300_20151028_000624	王国が有名無実となっても我々はまだ軍人です。{nl}そしてここは軍事地域です。関係者でなければ立ち去ってください。
QUEST_LV_0300_20151028_000625	おかげでホラス様の容態がだいぶ良くなったようです。{nl}これからはあまり無理しないでいただきたいですね。
QUEST_LV_0300_20151028_000626	王命は来なくなりましたが、我々は軍人ですのでここに残るつもりです。{nl}ホラス様も同じです。{nl}
QUEST_LV_0300_20151028_000627	誰かがそうしなければ王国は滅亡してしまうでしょう。{nl}故郷も、家族も、守る者が誰もいなくなってしまいます。
QUEST_LV_0300_20151028_000628	先ほどは本当に…女神のもとへ行くかと思いましたよ。{nl}
QUEST_LV_0300_20151028_000629	でもおかげで一つ学びました。{nl}モンスターが食べたからと言って食用ではない、ということです。
QUEST_LV_0300_20151028_000630	王国から連絡が来るまでだけでもここにいようと思います。{nl}お互い頼るところでもなければ兵士たちも頑張れないでしょうから。
QUEST_LV_0300_20151028_000631	ここは重要な要衝地と呼ばれるわりには兵士たちが少ないです。{nl}それほど過酷な場所なのです。
QUEST_LV_0300_20151028_000632	ここは昔、強制労役場として使われていた場所です。{nl}こんなに寒い場所で一体何の仕事をやっていたのかは分かりませんが…私なら絶対にごめんです、こんなとこ…。
QUEST_LV_0300_20151028_000633	女神が真理の樹教団を祝福したという噂をを聞いてここまで来たんですけど…{nl}亡者たちでいっぱいですね。
QUEST_LV_0300_20151028_000634	ここなら女神ジェミナの行方を追えるかもと思ったのに、亡者たちでいっぱいだなんて…。{nl}こんなの初めて見ました。早くジェミナ様を見つけなきゃいけないのに。
QUEST_LV_0300_20151028_000635	急に亡者たちが目を覚ますし、{nl}どっかのボコルが棺をぶっ壊しまくってるし…一体何の騒ぎだ？
QUEST_LV_0300_20151028_000636	墓守人生で初だ、こんなのは。 {nl}神樹の日も大騒ぎだったが、今度は亡者まで？ {nl}どうなってんだ、ったく…。
QUEST_LV_0300_20151028_000637	どう考えても真理の樹教団は詐欺集団だと思います。{nl}ジェミナ様がこんな教団を祝福したわけがありません。
QUEST_LV_0300_20151028_000638	結局何も知らない私が勝手に墓地を引っかき回したわけですね…。{nl}シギスさんに合わせる顔がありません。
QUEST_LV_0300_20151028_000639	神樹は災いの象徴ではありません。{nl}我々を救ってくださる偉大な意志の象徴です。
QUEST_LV_0300_20151028_000640	あなたもやがて神樹の恵みに気づく日が来るでしょう。{nl}真理の樹教団に入団されてはいかがですか？
QUEST_LV_0300_20151028_000641	ああ…私は…救われなかった…。
QUEST_LV_0300_20151028_000642	愚かだった…私は実に愚かだった…。
QUEST_LV_0300_20151028_000643	君は救済を信じるか？{nl}
QUEST_LV_0300_20151028_000644	女神を信じるのは愚かなことだ。{nl}王都にそびえ立つ神樹が君を救ってくれるだろう。
QUEST_LV_0300_20151028_000645	救済を簡単に望んではならない。{nl}神樹に何か要求する前に、自分が神樹のために何ができるかを考えるのだ。
QUEST_LV_0300_20151028_000646	死者を蘇らせて安息を妨害するのが奴らの言う真理なのか？
QUEST_LV_0300_20151028_000647	生前に王国の土地を管理していた私を大逆罪に問うとは聞いてあきれる。
QUEST_LV_0300_20151028_000648	いたた…フェレットの爪ってものすごく鋭いですね。
QUEST_LV_0300_20151028_000649	この村の住民たちはよそ者を簡単には受け入れません。{nl}好意を期待するのはやめた方がいいと思いますよ。
QUEST_LV_0300_20151028_000650	見たことのない顔だが…君は誰だ？
QUEST_LV_0300_20151028_000651	伝説の啓示者が我々を救うために現れるとは…。{nl}実にありがたい。皆君をどれほど待ちわびたことか…。
QUEST_LV_0300_20151028_000652	ゴホン…まだここにいたのかね。{nl}ぐずぐずして少女を逃したら大変だぞ。{nl}早く追いかけなさい。
QUEST_LV_0300_20151028_000653	どなたですか？初めて見る顔ですが…。{nl}村の男たちだけでもウンザリなので、用件がなければ声をかけないでいただけます？
QUEST_LV_0300_20151028_000654	まあ、啓示者様…。{nl}お会いできて光栄ですわ。{nl}村をどうかよろしくお願いします。
QUEST_LV_0300_20151028_000655	フェレットが干し肉をちゃんと食べているか見に行きましょうか？{nl}危ないですよね…？{nl}でも気になります…。
QUEST_LV_0300_20151028_000656	どなたですか？ここは初めてですか？{nl}村長から許可はもらいましたか？
QUEST_LV_0300_20151028_000657	あの伝説の啓示者様ですか？{nl}村の司祭から聞きました。危機に陥った司祭を光で導いたって。{nl}その光…僕も見てみたいです！
QUEST_LV_0300_20151028_000658	…彫像を設置したらかえってフェレットたちが乱暴になった？{nl}たぶん彫像が未完成だからだと思います。{nl}何だかウィダスおじさんに申し訳ないな…。
QUEST_LV_0300_20151028_000659	ああ…こんにちは。{nl}初対面で申し訳ありませんが…用件がなければお引き取りください。{nl}村の雰囲気がかなり悪いので…。
QUEST_LV_0300_20151028_000660	啓示者様！光と共に村を救うというあの伝説の啓示者様ですよね？{nl}私、見ました！啓示者様のあのきらびやかな光を…。{nl}あの光がなければ私はフェレットにやられていたでしょう。{nl}本当にありがとうございます。
QUEST_LV_0300_20151028_000661	村の大司祭
QUEST_LV_0300_20151028_000662	何だ？用がなければ帰ってくれ。{nl}この村はもうとっくに終わっているんだ。
QUEST_LV_0300_20151028_000663	啓示者…啓示者…いや、この村はとっくに終わっているんだ。{nl}もう手遅れだよ。今さら啓示者が来たって何も変わりはしない。{nl}この村は女神ラダがさらわれた瞬間に終わったんだ。
QUEST_LV_0300_20151028_000664	…違う…こんなはずじゃ…。
QUEST_LV_0300_20151028_000665	村を救いに来たのですか？それは嬉しい知らせですね。{nl}お会いできて嬉しいです。私はティルトルビーのウィダス。{nl}フェレットたちを元に戻す彫像を作っています。
QUEST_LV_0300_20151028_000666	フェレットがさらに乱暴になったなんて…まるで魔族のトーテムを作った気分ですね。{nl}最初からまた作り直さなければ…。
QUEST_LV_0300_20151028_000667	あら？啓示者様、どうしたんですか？{nl}ここは私が先に調べますので、村の人たちを助けてあげてください。
QUEST_LV_0300_20151028_000668	どうか少女を追って村と女神ラダを救ってください。
QUEST_LV_0300_20151028_000669	啓示者様なら必ず成し遂げてくれると思っていました！{nl}ありがとうございます。本当にありがとうございます。{nl}啓示者様をここまで導いてくださった女神ライマにも感謝いたします！
QUEST_LV_0300_20151028_000670	村を救ってくださりありがとうございます。{nl}しかし相変わらずフェレットたちが正気に戻らないので、彫像の製造を急がなければ。
QUEST_LV_0300_20151028_000671	村と女神ラダを救ってくださりありがとうございます。
QUEST_LV_0300_20151028_000672	魔将を追い払うなんてすごいですね！{nl}啓示者様のおかげでフェレットも食糧を盗まなくなりました。{nl}ありがとうございます。
QUEST_LV_0300_20151028_000673	感謝する。君と、君をここまで導いてくれた女神ライマに感謝してもしきれない。{nl}君はこの村の救世主だ。
QUEST_LV_0300_20151028_000674	フェレット族が一日も早く正気に戻ってくれないと…。
QUEST_LV_0300_20151028_000675	フェレット族がそう考えて私たちを攻撃するなら…{nl}戦いは避けられませんよね？
QUEST_LV_0300_20151028_000676	村を救ってくださってありがとうございます、啓示者様。{nl}魔将を追い払い女神を救出したので、あとはフェレット族に集中するのみですね。{nl}村の不安を消し去ってくださり本当にありがとうございます。
QUEST_LV_0300_20151028_000677	魔将を追い払い、女神を救ってくださりありがとうございます。
QUEST_LV_0300_20151028_000678	ようやく女神が戻ってきたので、村の人たちと力を合わせて神殿を再建します。
QUEST_LV_0300_20151028_000679	村の災いを解決してくれて感謝する。{nl}実は君を見くびっていたようだ…。すまなかったな。
QUEST_LV_0300_20151028_000680	結局女神ライマが予知した通り、君がこの村を救ってくれたか。{nl}ありがとう、本当にありがとう。
QUEST_LV_0300_20151028_000681	救済者よ…私が魔将に捕らわれている間、村の人々を助けてくれたと聞きました。{nl}本来ならば私がやるべきこと…。{nl}本当にありがとうございます。
QUEST_LV_0300_20151028_000682	救済者よ…あなたの進む道にこの世界の未来がかかっています。{nl}さあ、行くのです。ライマの啓示にしたがって救済の道を歩んでください。
QUEST_LV_0300_20151112_000683	テントの中の患者
QUEST_LV_0300_20151112_000684	ううっ…はなしかけないで…{nl}吐きそう…。
QUEST_LV_0300_20151112_000685	こんなところで倒れている時じゃないのに…。
