UI_20150317_000001	{@st41b}各クラスのマスターのところで{nl}特性を習得できます。{/}
UI_20150317_000002	{@st43}特性リスト{/}
UI_20150317_000003	{@st59}特性リストを閉じます{/}
UI_20150317_000004	{@st43}特性習得{/}
UI_20150317_000005	{@st59}特性ウィンドウを閉じます{/}
UI_20150317_000006	{@st41b}所持金{/}
UI_20150317_000007	自分の業績
UI_20150317_000008	サーバーランキング
UI_20150317_000009	{@st59}突発イベントがあります{/}
UI_20150317_000010	{@st59}ヘルプメッセージがあります{/}
UI_20150317_000011	{@st41}どの矢を製造しますか？{/}
UI_20150317_000012	{@st41b}一度だけ{/}
UI_20150317_000013	{@st41b}全部{/}
UI_20150317_000014	{@st41b}中断{/}
UI_20150317_000015	{@st43}冒険日誌{/}
UI_20150317_000016	{@st43}競売場{/}
UI_20150317_000017	{@st59}競売場を閉じます{/}
UI_20150317_000018	{@st41b}落札アイテム : %s個、流札アイテム : %s個{/}
UI_20150317_000019	{@st43}{s22}アイテム競売{/}
UI_20150317_000020	{@st59}クエスト情報を閉じます{/}
UI_20150317_000021	アベイレスト
UI_20150317_000022	{@st41b}残りの時間
UI_20150317_000023	3時間 16分
UI_20150317_000024	{@st41b}開始価格
UI_20150317_000025	{@st41b}入札数
UI_20150317_000026	{@st41b}現在の価格
UI_20150317_000027	{@st41b}入札金
UI_20150317_000028	{@st41b}取消 {@st57}%s {@st41b}シルバーから入札可能{/}
UI_20150317_000029	{@st41b}入札{/}
UI_20150317_000030	{@st43b}即時購入！{nl}{img icon_item_silver 20 20}{@st57}%s{/}
UI_20150317_000031	{@st44}権限設定{/}
UI_20150317_000032	{@st45}名前:%s{/}
UI_20150317_000033	{@st45}PT倉庫{/}
UI_20150317_000034	{@st49}なし
UI_20150317_000035	{@st49}入れる
UI_20150317_000036	{@st49}持ってくる
UI_20150317_000037	{@st45}アンケート{/}
UI_20150317_000038	{@st49}作成
UI_20150317_000039	{@st49}削除
UI_20150317_000040	{@st44}保存{/}
UI_20150317_000041	{@st44}取消{/}
UI_20150317_000042	{@st43}{s22}美容室{/}
UI_20150317_000043	{@st59}前のヘア{/}
UI_20150317_000044	{@st59}次のヘア{/}
UI_20150317_000045	{@st41b}変更{s18}(メダル 100必要){/}
UI_20150317_000046	{@st59}選択したヘアに変更します。{/}
UI_20150317_000047	{@st41}解約
UI_20150317_000048	{@st43}ブラックマーケット{/}
UI_20150317_000049	本の名前
UI_20150317_000050	{@st59}読書をやめます{/}
UI_20150317_000051	{@st59}前のページ{/}
UI_20150317_000052	{@st59}次のページ{/}
UI_20150317_000053	{@st47}%s登場!!
UI_20150317_000054	{@st43}スコア{/}
UI_20150317_000055	受けたダメージ
UI_20150317_000056	テクニックボーナス
UI_20150317_000057	回避ボーナス
UI_20150317_000058	クリア時間
UI_20150317_000059	総合点
UI_20150317_000060	{@st42}経過時間
UI_20150317_000061	10分
UI_20150317_000062	10秒
UI_20150317_000063	{@st44}締め切る
UI_20150317_000064	{@st59}自販機を閉じます{/}
UI_20150317_000065	{@st43}バフ自販機
UI_20150317_000066	自販機名
UI_20150317_000067	{@st43}登録
UI_20150317_000068	{@st43}取消
UI_20150317_000069	バフ自販機
UI_20150317_000070	{@st59}バフ自販機を閉じます。
UI_20150317_000071	{@st59}バフ自販機{nl} - シルバーを支払うとプレイヤーにバフスキルをかけることができます。
UI_20150317_000072	馬車メニュー
UI_20150317_000073	{ol}{s22}降りる{/}
UI_20150317_000074	キャスティング
UI_20150317_000075	{@st43}ゲーム設定{/}
UI_20150317_000076	{@st64}方向キーでセルを選択してください！
UI_20150317_000077	{@st43}転職情報{/}
UI_20150317_000078	{@st43}クラス選択
UI_20150317_000079	サイコキネスト
UI_20150317_000080	{@st42}%sサークル{/}
UI_20150317_000081	何サークル
UI_20150317_000082	クラスに関する簡単な説明がここに表示されます。
UI_20150317_000083	{@st41b}攻撃力 {@sti7}%s{/}
UI_20150317_000084	{@st41b}補助    {@sti7}%s{/}
UI_20150317_000085	{@st41b}難易度 {@sti7}%s{/}
UI_20150317_000086	{@st59}クラス情報ウィンドウを閉じます{/}
UI_20150317_000087	転職機能アラーム
UI_20150317_000088	{@st43}クラス転職
UI_20150317_000089	{@sti7}{s14}キャラクター{/}
UI_20150317_000090	{@sti8}{s14}クラス{/}
UI_20150317_000091	{@st44}チャット{/}
UI_20150317_000092	To. WWWWWWWW 他 1
UI_20150317_000093	一般 : /s 内容{nl}シャウト : /y 内容{nl}PT : /p 内容{nl}ささやき : /w キャラ名 内容
UI_20150317_000094	{@st41}一般チャット{/}
UI_20150317_000095	{@59}終了{/}
UI_20150317_000096	{@59}招待{/}
UI_20150317_000097	{@st59}全体{/}
UI_20150317_000098	{@st59}一般  (/s 任意の言葉){/}
UI_20150317_000099	{@st59}シャウト  (/y 任意の言葉){/}
UI_20150317_000100	{@st59}PT  (/p 任意の言葉){/}
UI_20150317_000101	{@st59}ささやき   (/w チーム名 任意の言葉){/}
UI_20150317_000102	{@st59}チャットウィンドウサイズ調節{/}
UI_20150317_000103	{@st43}{s22}チャットメッセージ{/}
UI_20150317_000104	{@st43}チャット定型文{/}
UI_20150317_000105	{@st59b}チャット定型文{nl}{@st59s} - 使い方 : {nl} 1. 上のポーズアイコンを下にあるポーズスロットに登録{nl} 2. チャットメッセージを作成して保存{nl} 3. ショートカットキーを使うと、ポーズをとりながらチャットメッセージを発言する{/}
UI_20150317_000106	{@st59}チャット定型文を閉じます{/}
UI_20150317_000107	{@st41b}保存{/}
UI_20150317_000108	{@st59}登録した内容を保存します{/}
UI_20150317_000109	{@st41b}取消{/}
UI_20150317_000110	{@st59}登録した内容を取消します{/}
UI_20150317_000111	{@st42}チャット設定
UI_20150317_000112	{@st42}透明度
UI_20150317_000113	吹き出し表示
UI_20150317_000114	画面上部にシャウトの内容表示
UI_20150317_000115	{@st43}チートリスト{/}
UI_20150317_000116	{@st42b}  アイテム  {/}
UI_20150317_000117	{@st42b}  モンスター  {/}
UI_20150317_000118	{@st42b}  マップ移動  {/}
UI_20150317_000119	{@st42b}  戦闘命令  {/}
UI_20150317_000120	{@st41b}閉じる{/}
UI_20150317_000121	{s16}{b}ダブルクリックか、生成ボタンを押すとアイテムを作ることができます。
UI_20150317_000122	{s16}{b}個
UI_20150317_000123	{s16}{b}レベル
UI_20150317_000124	{@st41b}検索{/}
UI_20150317_000125	{s16}{b}ダブルクリックか、生成ボタンを押すとモンスターを召喚することができます。
UI_20150317_000126	{s16}{b}匹
UI_20150317_000127	{s16}{b}地域を選択してください
UI_20150317_000128	{s18}{b}ミニマップ表示{/}
UI_20150317_000129	{@st41b}ツールリスト{/}
UI_20150317_000130	{@st59b}コレクション{nl}{@st59s} - ゲーム内コレクションデッキを手に入れてアイテムを集めると、そのアイテムをコレクションできる{nl} - コレクションデッキアイテムを使用すると、コレクションショートカットキーが活性化{nl}{/}
UI_20150317_000131	{@st59}コレクション情報を閉じます{/}
UI_20150317_000132	{@st43}コレクション{/}
UI_20150317_000133	{@st43}カラースプレー{/}
UI_20150317_000134	{@st49}カラースプレー{/}
UI_20150317_000135	{@st49}色{/}
UI_20150317_000136	{@st49}残量{/}
UI_20150317_000137	{@st49}ブラシ{/}
UI_20150317_000138	{@st49}{a END_EDIT_SPRAY}描く{/}{/}
UI_20150317_000139	{@st49}{a SAVE_EDIT_SPRAY}保存{/}{/}
UI_20150317_000140	{@st49}{a LOAD_EDIT_SPRAY}読み込む{/}{/}
UI_20150317_000141	{@st49}閉じる{/}
UI_20150317_000142	{@st43}コンパニオン購入
UI_20150317_000143	{@st59}購入するコンパニオンの名前を入力してください{/}
UI_20150317_000144	{@st41b}名前{/}
UI_20150317_000145	{@st41b}価格     %s{/}
UI_20150317_000146	{@st59}コンパニオン購入ウィンドウを閉じます{/}
UI_20150317_000147	{@st41b}購入
UI_20150317_000148	{@st59}購入するコンパニオンを決めます{/}
UI_20150317_000149	{@st43}コンパニオンショップ
UI_20150317_000150	{@st59}コンパニオンショップを閉じます{/}
UI_20150317_000151	{@st43}他のキャラクター情報{/} {@st42}
UI_20150317_000152	{@st59}キャラクター情報を閉じます{/}
UI_20150317_000153	{@st41b}情報
UI_20150317_000154	{@st41b}記録
UI_20150317_000155	チーム名
UI_20150317_000156	キャラ名
UI_20150317_000157	{#ffff00}%s{/}ランク %s {#ffff00}%s{/}レベル
UI_20150317_000158	ソードマン
UI_20150317_000159	冒険ポイント {#ffff00}%s{/} ({#ffff00}%s{/}位/%s)
UI_20150317_000160	冒険ポイント {#ffff00}%s{/} ({#ffff00}Unranked{/})
UI_20150317_000161	業績達成 {#ffff00}%s{/}個
UI_20150317_000162	設定
UI_20150317_000163	タブ名を消して確認を押すと、タブが削除されます
UI_20150317_000164	{@st49}全体{/}
UI_20150317_000165	{@st49}システム{/}
UI_20150317_000166	{@st49}チャット{/}
UI_20150317_000167	{@st49}戦闘{/}
UI_20150317_000168	{@st49}アイテム{/}
UI_20150317_000169	{@st43}クレジット{/}
UI_20150317_000170	{@st43}ターゲット固定設定中{/}
UI_20150317_000171	NPC名
UI_20150317_000172	比較
UI_20150317_000173	イラスト
UI_20150317_000174	チャット選択
UI_20150317_000175	テキストヘルプ
UI_20150317_000176	{@st41}アイテム製造{/}
UI_20150317_000177	{@st45tw2}アイテム製造中…
UI_20150317_000178	%r 秒
UI_20150317_000179	{@st41}取消{/}
UI_20150317_000180	{@st45tw2}個数{/}
UI_20150317_000181	{@st45tw2}アイテムを作りますか？
UI_20150317_000182	{@st41}決定{/}
UI_20150317_000183	クエスト情報
UI_20150317_000184	{@st59}取引を取消します{/}
UI_20150317_000185	{@st43}個人取引{/}
UI_20150317_000186	自分の取引リスト
UI_20150317_000187	シルバー: %s
UI_20150317_000188	入力
UI_20150317_000189	{@st41}受諾
UI_20150317_000190	{@st41}最終確認
UI_20150317_000191	相手(%s)の取引リスト
UI_20150317_000192	相手の名前
UI_20150317_000193	{s18}{ol}{gr gradation1}フィールドイベント{/}
UI_20150317_000194	{s20}{ol}ゴブリン族を倒せ！に参加しますか？
UI_20150317_000195	{s20}{ol}%s参加しますか？
UI_20150317_000196	{s20}{ol}参加人数 : (1/5)
UI_20150317_000197	{s20}{ol}参加人数 : (%s/%s)
UI_20150317_000198	{s20}{ol}1秒後にゲームが始まります。
UI_20150317_000199	{s20}{ol}%s秒後にゲームが始まります。
UI_20150317_000200	今日は表示しない
UI_20150317_000201	フィールドイベントを表示しません。
UI_20150317_000202	ゲーム参加
UI_20150317_000203	プレイヤーたちとゲームを開始します。
UI_20150317_000204	ゲームに参加しません。
UI_20150317_000205	スプレープリセット
UI_20150317_000206	{@st49}選択{/}
UI_20150317_000207	{@st49}取消{/}
UI_20150317_000208	{@st49}削除{/}
UI_20150317_000209	保存するファイルの名前を入力します。
UI_20150317_000210	{@st43}フレンド
UI_20150317_000211	{@st59}フレンドリストを閉じます{/}
UI_20150317_000212	{@st59b}フレンド{nl}{@st59s} - フレンドの関係はチーム単位で成立{nl} - リストタブのリスト右クリックでフレンドの状態確認やリスト管理が可能{nl} - 管理タブでフレンド申請、拒否、などの内容とブラックリストを確認可能{/}
UI_20150317_000213	{@st41b}接続中のフレンドだけ表示{/}
UI_20150317_000214	{@st41b}リスト
UI_20150317_000215	{@st41b}管理
UI_20150317_000216	{@st41b}フレンド申請
UI_20150317_000217	{@st41b}ブロック
UI_20150317_000218	{@st59}検索{/}
UI_20150317_000219	{@st44}ギルド{/}
UI_20150317_000220	ギルド
UI_20150317_000221	名簿
UI_20150317_000222	お知らせ
UI_20150317_000223	ギルドミッション
UI_20150317_000224	接続中のメンバー数
UI_20150317_000225	{@st44}ギルド設立{/}
UI_20150317_000226	{@st42}設立{/}
UI_20150317_000227	{@st42}閉じる{/}
UI_20150317_000228	{@st42}全体{/}
UI_20150317_000229	{@st42}今日のランキング{/}
UI_20150317_000230	{@st42}週間ランキング{/}
UI_20150317_000231	{@st56}順位{/}
UI_20150317_000232	{@st56}点数{/}
UI_20150317_000233	{@st56}職業{/}
UI_20150317_000234	{@st56}名前{/}
UI_20150317_000235	前のページ
UI_20150317_000236	次のページ
UI_20150317_000237	{@st42}ID検索{/}
UI_20150317_000238	入力したIDを検索します
UI_20150317_000239	名誉の殿堂を閉じます
UI_20150317_000240	検索するIDを入力します
UI_20150317_000241	{@st59}スタミナ{/}
UI_20150317_000242	{@st43}ヘルプリスト{/}
UI_20150317_000243	{@st59}ヘルプリストウィンドウを閉じます{/}
UI_20150317_000244	{@st59b}ヘルプリスト{nl}{@st59s} - 一度読んだヘルプをリストで再確認できる{nl} - 確認したい項目を選択すると詳細表示{/}
UI_20150317_000245	{@st43}{s22}ヘルプ{/}
UI_20150317_000246	{@st47_b}{b}ヘルプタイトル{/}
UI_20150317_000247	{@st42b}簡単ヘルプ内容{/}
UI_20150317_000248	{@st59}詳しく見る{/}
UI_20150317_000249	数を入力してください
UI_20150317_000250	{@st59}内容を入力します{/}
UI_20150317_000251	{@st41b}確認
UI_20150317_000252	{@st59}入力内容を確認します{/}
UI_20150317_000253	{@st41b}閉じる
UI_20150317_000254	{@st59}入力を取消します{/}
UI_20150317_000255	{@st43}ワープ{/}
UI_20150317_000256	{@st59}ワープウィンドウを閉じます{/}
UI_20150317_000257	{@st59b}ワープ{nl}{@st59s} - 自分が行ったことのある地域へワープできるシステム{nl} - ワープポイントが2個以上の場合にワープ機能が活性化{nl}{/}
UI_20150317_000258	{@st41}現在の位置 : %s{/}
UI_20150317_000259	{@st43}{s22}ワープ{/}
UI_20150317_000260	{@st41b}この地域に移動しますか？{/}
UI_20150317_000261	シャウレイなんちゃら
UI_20150317_000262	消耗コイン : 0
UI_20150317_000263	イントロ
UI_20150317_000264	{@st43}インベントリ{/}
UI_20150317_000265	{@st59}インベントリを閉じます{/}
UI_20150317_000266	{@st59b}着用装備{nl}{@st59s} - ヘア/コスチューム : 外見変更可能アイテム着用{nl} - 武器 : 片手装備と両手装備を着用可能{nl}   (片手装備着用時、サブウェポン/盾を着用可能 ){nl} - 防具 : 上半身、下半身、手袋、靴着用{nl} - アクセサリ : ネックレス 1個、ブレスレット2個着用{nl}{/}
UI_20150317_000267	{@st59}ヘアコスチューム1{/}
UI_20150317_000268	{@st59}ヘアコスチューム2{/}
UI_20150317_000269	{@st59}ネックレス{/}
UI_20150317_000270	{@st59}コスチューム{/}
UI_20150317_000271	{@st59}上半身{/}
UI_20150317_000272	{@st59}手袋{/}
UI_20150317_000273	{@st59}下半身{/}
UI_20150317_000274	{@st59}靴{/}
UI_20150317_000275	{@st59}左手{/}
UI_20150317_000276	{@st59}右手{/}
UI_20150317_000277	{@st59}ブレスレット1{/}
UI_20150317_000278	{@st59}ブレスレット2{/}
UI_20150317_000279	{@st59}アームバンド{/}
UI_20150317_000280	{@st59}入力した名前で検索します{/}
UI_20150317_000281	重さ
UI_20150317_000282	{@st43}装備バフ{/}
UI_20150317_000283	{@st59}修理UIを閉じます{/}
UI_20150317_000284	{@st42}バフ可能装備リスト
UI_20150317_000285	{@st42}消費アイテム{/}
UI_20150317_000286	{@st42}実行
UI_20150317_000287	{@st42}ターゲットアイテム{/}
UI_20150317_000288	{@st59}リング1{/}
UI_20150317_000289	{@st43}アイテム製造{/}
UI_20150317_000290	{@st42b}材料が揃っている物だけ表示{/}
UI_20150317_000291	{@st59}アイテム製造を閉じます{/}
UI_20150317_000292	{@st43}{s22}アイテムを分ける
UI_20150317_000293	{@st59}個数を入力してください{/}
UI_20150317_000294	モンスター体力ゲージ
UI_20150317_000295	{@st44}セットアイテム獲得{/}
UI_20150317_000296	キーボードウォーリアー
UI_20150317_000297	キル
UI_20150317_000298	99分99秒
UI_20150317_000299	38000点
UI_20150317_000300	改良された迅速のポーション
UI_20150317_000301	{@st41}確 認{/}
UI_20150317_000302	{@st59b}冒険日誌{nl}{@st59s} - これまでの冒険の情報が冒険日誌に記録{nl} - アイテム獲得、モンスター狩り、製造、マップ探検、コンテンツ進行で冒険ポイント獲得{nl}    冒険ポイント : 他のすべてのポイントの合計{nl}    成長 : キャラレベル・職業レベルが1上がるごとに5点{nl}    アイテム : 装備 : 等級×10点、本 : 10点、その他 : 1点{nl}    モンスター : 1モンスター10点 (ボス : 50点){nl}    地域探索 : 10%で1点{nl}    クエスト : 1クエストで1点{nl}    業績 : 業績別に異なる{nl}    製造法 : 1個10点{nl}    コレクション : デッキ5点、完成45点{nl} - 獲得した冒険ポイントによって村のNPCから報酬をもらえる{/}
UI_20150317_000303	{@sti7}{s22}{ds}冒険ポイント達成度{/}
UI_20150317_000304	{@st42b}{#22FF22}上位 10% / %s点{/}
UI_20150317_000305	{@st42b}全体平均 /  %s点{/}
UI_20150317_000306	1位 / %s点
UI_20150317_000307	%s位
UI_20150317_000308	%s点
UI_20150317_000309	職業
UI_20150317_000310	チーム
UI_20150317_000311	{@st59}冒険日誌を閉じます{/}
UI_20150317_000312	{@st43}冒険日誌ランキング{/}
UI_20150317_000313	{@st43}{s22}順位
UI_20150317_000314	{@st43}{s22}名前
UI_20150317_000315	{@st43}{s22}点数
UI_20150317_000316	{@st41}詳細情報{/}
UI_20150317_000317	{@st43}製造開始{/}
UI_20150317_000318	{@st59}アイテム製造を開始します。{/}
UI_20150317_000319	{@st44}キーパッド{/}
UI_20150317_000320	{@st42}制限時間
UI_20150317_000321	{@st56}キル{/}
UI_20150317_000322	{@st56}オーバーキル{/}
UI_20150317_000323	{@st56}被撃{/}
UI_20150317_000324	{@st56}死亡{/}
UI_20150317_000325	呪文力
UI_20150317_000326	防御力
UI_20150317_000327	魔法抵抗力
UI_20150317_000328	クリティカル率
UI_20150317_000329	{@st43}ソケット管理{/}
UI_20150317_000330	{@st59}ソケット管理を閉じます{/}
UI_20150317_000331	アイテムを載せてください
UI_20150317_000332	ポテンシャル
UI_20150317_000333	ソケット追加費用 : {#ff9933}%s{/}{nl}ジェム抽出費用 : {#ff9933}%s{/}
UI_20150317_000334	{@st41b}ソケット追加
UI_20150317_000335	{@st41b}ジェム抽出
UI_20150317_000336	{@st41}製造{/}
UI_20150317_000337	{@st41}%s  %s個
UI_20150317_000338	地域地図
UI_20150317_000339	探査率 : 95.5%
UI_20150317_000340	{@st45tw}探査率 %s%{/}
UI_20150317_000341	{@st59}地図を閉じます (M){/}
UI_20150317_000342	{@st41}地図{/}
UI_20150317_000343	Shift(消去)、Ctrl(間を埋める)
UI_20150317_000344	{ol}タイトル
UI_20150317_000345	{@st41}追加{/}
UI_20150317_000346	{@st41}削除{/}
UI_20150317_000347	{@st41}保存{/}
UI_20150317_000348	{@st41}自動{/}
UI_20150317_000349	{@st41}初期化{/}
UI_20150317_000350	{@st59}かけらの数を設定します。{/}
UI_20150317_000351	{ol}グループ
UI_20150317_000352	{ol}メッセージ
UI_20150317_000353	{ol}サウンド
UI_20150317_000354	{@st41}ミニマップ製造{/}
UI_20150317_000355	{@st55}地域地図
UI_20150317_000356	{@st43}{s22}マーケット{/}
UI_20150317_000357	{@st43}{s24}マーケット{/}
UI_20150317_000358	{@st42b}系列{/}
UI_20150317_000359	{@st42b}タイプ{/}
UI_20150317_000360	{@st42b}着用 レベル{/}
UI_20150317_000361	{@st42b}強化数値{/}
UI_20150317_000362	{@st42b}名前
UI_20150317_000363	{@st41b}アイテム受取箱%s
UI_20150317_000364	{@st41b}販売登録
UI_20150317_000365	{@st41b}検索
UI_20150317_000366	{@st59}マーケットウィンドウを閉じます{/}
UI_20150317_000367	{@st42b}表示順
UI_20150317_000368	{@st41b}販売中のアイテム
UI_20150317_000369	{@st43}{s22}アイテム受取箱
UI_20150317_000370	{@st41b}全部受け取る
UI_20150317_000371	{@st41b}アイテム受取箱
UI_20150317_000372	{@st43}{s22}販売登録
UI_20150317_000373	{@st42b}個数
UI_20150317_000374	{@st42b}価格
UI_20150317_000375	{@st42b}販売者非公開{/}
UI_20150317_000376	{@st41b}登録
UI_20150317_000377	攻城戦コイン
UI_20150317_000378	誰かが誰かを退治しました。
UI_20150317_000379	{@st43}ミニゲーム{/}
UI_20150317_000380	{@st49}投石器発射{/}
UI_20150317_000381	{@st44}方向調節{/}
UI_20150317_000382	{@st44}発射{/}
UI_20150317_000383	ミニゲーム
UI_20150317_000384	{s18}{ol}{gr gradation1}氷鬼ミニゲーム{/}
UI_20150317_000385	{s16}ミニゲームに参加しますか？
UI_20150317_000386	{s16}参加人数 : (0/5)
UI_20150317_000387	{s16}参加人数 : (%s/%s)
UI_20150317_000388	{s16}1秒後にゲームが始まります。
UI_20150317_000389	{s16}%s秒後にゲームが始まります。
UI_20150317_000390	{@st59}拡大{/}
UI_20150317_000391	{@st59}縮小{/}
UI_20150317_000392	{@st59}地図 (M){/}
UI_20150317_000393	{@st42b}地域地図
UI_20150317_000394	{@st44}アイテム調合機{/}
UI_20150317_000395	{s16}{#FFcc66}{ol}製造するアイテムを選択してください{/}{/}
UI_20150317_000396	{s16}{#FFcc66}{ol}材料アイテムをスロットにドラッグしてください
UI_20150317_000397	{@st42}製造{/}
UI_20150317_000398	{@st42}取消{/}
UI_20150317_000399	%sの情報
UI_20150317_000400	ケッピーとか
UI_20150317_000401	{@st41}{詳細情報}
UI_20150317_000402	{s20}{#050505}モンスター説明内容 モンスター説明内容 モンスター説明内容 モンスター説明内容
UI_20150317_000403	{@st41} キル {/}
UI_20150317_000404	{@st41} オーバーキル {/}
UI_20150317_000405	{@st41} 一般キル {/}
UI_20150317_000406	{@st41} 地域{/}
UI_20150317_000407	{@st41} アイテム {/}
UI_20150317_000408	{@st41} 業績 {/}
UI_20150317_000409	対象
UI_20150317_000410	{@st43}ネクロノミコン{/}
UI_20150317_000411	{@st59}ネクロノミコンUIを閉じます{/}
UI_20150317_000412	{@st59}私には何の考えもない。なぜなら何も考えていないからだ。{/}
UI_20150317_000413	召喚体 : {#ffcc33}%s{/}
UI_20150317_000414	アンデッドハーピー
UI_20150317_000415	スキル : %s
UI_20150317_000416	スキル1、スキル2
UI_20150317_000417	必要な破片 : %s
UI_20150317_000418	野獣 60 / 昆虫 20 / 変異 10
UI_20150317_000419	破片の数
UI_20150317_000420	パーツ1
UI_20150317_000421	パーツ2
UI_20150317_000422	パーツ3
UI_20150317_000423	おめでとうございます！レベルが上がりました
UI_20150317_000424	アイテムについて
UI_20150317_000425	{@st64}内容{/}
UI_20150317_000426	操作チュートリアル
UI_20150317_000427	{@st42b}キャラクターが上下左右4方向に移動します{/}
UI_20150317_000428	{@st42b}キャラクターが基本攻撃を行います{/}
UI_20150317_000429	{@st42b}キャラクターがその場で、もしくは移動しながらジャンプします{/}
UI_20150317_000430	{@st42b}隣り合う方向キー2個を同時に入力すると、斜めに移動します{/}
UI_20150317_000431	マップフォグツール
UI_20150317_000432	モンスター討伐ツール
UI_20150317_000433	ミニマップ作製ツール
UI_20150317_000434	ダイアログツール
UI_20150317_000435	{@st43}運営者設定{/}
UI_20150317_000436	{@st59}PT情報を閉じます{/}
UI_20150317_000437	{@st59b}PT情報{nl}{@st59s} - 下のPT作成ボタンを押すと、自分でPTを作ることができる{nl} - 他のプレイヤーのキャラクターを右クリックすると、PTに招待可能{nl} -設定タブで現在のPTの様々な設定をリアルタイムに調整{nl} - PTリストでPTメンバーを募集する時に公開する項目で条件設定{/}
UI_20150317_000438	{@st43}PT情報{/}
UI_20150317_000439	{@st41b}構成{/}
UI_20150317_000440	{@st41b}PTイベント{/}
UI_20150317_000441	{@st41b}設定{/}
UI_20150317_000442	{@st41}メンバー{/}
UI_20150317_000443	{@st41}PT加入条件
UI_20150317_000444	{@st41b}公開
UI_20150317_000445	{@st41b}非公開
UI_20150317_000446	希望レベル                                 ～
UI_20150317_000447	{@st41}アイテム分配ルール
UI_20150317_000448	{@st41b}それぞれ獲得
UI_20150317_000449	{@st41b}順番に獲得
UI_20150317_000450	{@st41b}ランダムに分配
UI_20150317_000451	{@st41}経験値分配ルール
UI_20150317_000452	{@st41b}それぞれ獲得
UI_20150317_000453	{@st41b}均等分配
UI_20150317_000454	{@st41b}レベル別
UI_20150317_000455	{@st41}クエスト共有
UI_20150317_000456	{@st41b}使用する
UI_20150317_000457	{@st41b}使用しない
UI_20150317_000458	{@st41b}PT作成
UI_20150317_000459	{@st43}公開PTリスト{/}
UI_20150317_000460	{@st59b}公開PTリスト{nl}{@st59s} - サーバー内の公開されたPTリストを確認し、PTに加入{nl} - 検索オプションを使うと、条件に合ったPTを検索できる{/}
UI_20150317_000461	{@st59}PTリストを閉じます{/}
UI_20150317_000462	検索オプション使用
UI_20150317_000463	クエスト共有
UI_20150317_000464	経験値分配ルール
UI_20150317_000465	アイテム分配ルール
UI_20150317_000466	{@st43}招待
UI_20150317_000467	{@st41b}招待{/}
UI_20150317_000468	{s18}{ol}{gr gradation1}ログアウトPCルール{/}
UI_20150317_000469	{ol}ルール適用条件
UI_20150317_000470	{ol}ルール適用動作
UI_20150317_000471	ルールの名前を入力します
UI_20150317_000472	{gr gradation1}登録{/}
UI_20150317_000473	ルールを登録します
UI_20150317_000474	{gr gradation1}取消{/}
UI_20150317_000475	作業を取消します
UI_20150317_000476	{@st43}コンパニオン情報
UI_20150317_000477	{@st59b}コンパニオン情報{nl}{@st59s} - 休眠/活動ボタンでコンパニオンを出し入れできる{nl} - コンパニオンの特性、アイテム装着によりカスタマイズ可能{/}
UI_20150317_000478	{@st59}コンパニオン情報を閉じます{/}
UI_20150317_000479	{@st41b}名前 : {@sti9}%s{/}
UI_20150317_000480	{@sti9}%s{@st41b}との親密度 : {@sti9}%s {@st41b}レベル{/}
UI_20150317_000481	{@st41b}経験値{/}
UI_20150317_000482	{@st41b}スタミナ{/}
UI_20150317_000483	{@st41b}親密度{/}
UI_20150317_000484	{@st41b}特性と情報
UI_20150317_000485	{@st43}コンパニオン{/}
UI_20150317_000486	{@st59b}コンパニオン{nl}{@st59s} -リストで項目をクリックすると詳細情報表示{/}
UI_20150317_000487	{@st59}コンパニオンを閉じます{/}
UI_20150317_000488	{@st59}ヘルプウィンドウを閉じます{/}
UI_20150317_000489	{@st59}ヘルプ{nl} - ヘルプ詳細表示{nl} - 他の項目を見る時は、ヘルプリストから選択{/}
UI_20150317_000490	{@st43}ヘルプ{/}
UI_20150317_000491	ヘルプタイトル
UI_20150317_000492	{ol}{#AAAA00}{s16}進行時間 : %s
UI_20150317_000493	{@st43}ポイズンポット{/}
UI_20150317_000494	{@st59}ポイズンポットUIを閉じます{/}
UI_20150317_000495	{@st59}作成必要{/}
UI_20150317_000496	毒の量 : %s
UI_20150317_000497	毒製造に使えるアイテム
UI_20150317_000498	全体を選択
UI_20150317_000499	もう一度クリックすると、全体解除
UI_20150317_000500	製造
UI_20150317_000501	混ぜて混ぜてぐるぐる混ぜて
UI_20150317_000502	{@st43}項目{/}
UI_20150317_000503	{@st43}自分{/}
UI_20150317_000504	{@st43}対象{/}
UI_20150317_000505	{@st43}レベル{/}
UI_20150317_000506	{@st43}所持金{/}
UI_20150317_000507	{@st43}等級{/}
UI_20150317_000508	{@st43}PvP勝率{/}
UI_20150317_000509	{@st59}ウィンドウを閉じます{/}
UI_20150317_000510	{@sti5}合計購入金額: %s{/}
UI_20150317_000511	{@sti5}所持金額 : %s{/}
UI_20150317_000512	{@st41b}購入
UI_20150317_000513	{@st43}製造アイテムの材料獲得！
UI_20150317_000514	{@st43}マグナムオーパス{/}
UI_20150317_000515	{@st41}全体削除
UI_20150317_000516	{@st42}錬金対象 {@stx1}(%s 必要){/}
UI_20150317_000517	{@st41}調合
UI_20150317_000518	{@st43}クエスト{/}
UI_20150317_000519	{@st59b}クエスト{nl}{@st59s} - クエストを獲得するとクエストアラームに登録{nl} - メインクエストは黄色、サブクエストは青で表示{nl} - キャラクターの足元の矢印でクエストの位置を表示{nl} - クエスト完了時にはクエストアラームに「戻る」アイコンが表示{nl}  (バックスペースや右クリックで完了NPCのところまで瞬間移動){nl} - クエストアラームに登録/解除する場合は、クエスト名の前のチェックボックスで選択{/}
UI_20150317_000520	{@st41b}  進行  {/}
UI_20150317_000521	{@st41b}  放棄  {/}
UI_20150317_000522	{@st43}{s22}クエスト情報{/}
UI_20150317_000523	任務完了
UI_20150317_000524	{@st41}完了{/}
UI_20150317_000525	任務進行情報
UI_20150317_000526	{s18}{ol}クエスト情報
UI_20150317_000527	{s16}残りの時間
UI_20150317_000528	クエストアイテム使用
UI_20150317_000529	クエストのヒント
UI_20150317_000530	{@st41}確認{/}
UI_20150317_000531	{@st43}{s22}クエスト完了{/}
UI_20150317_000532	{@st41b}完了{/}
UI_20150317_000533	{@st41}受諾{/}
UI_20150317_000534	{@st41}拒絶{/}
UI_20150317_000535	{@st44}戻る{/}
UI_20150317_000536	どのクエストに戻りますか？
UI_20150317_000537	{@st41b}クエスト クラス 名前{/}
UI_20150317_000538	{@st59}スロットを拡張します{/}
UI_20150317_000539	{@st59}スロットを縮小します{/}
UI_20150317_000540	{@st59}コンパニオンを召喚します。{/}
UI_20150317_000541	{@st44}メニュー{/}
UI_20150317_000542	{@st60}キャラクター選択{/}
UI_20150317_000543	{@st60}ログアウト{/}
UI_20150317_000544	{@st60}ゲーム終了{/}
UI_20150317_000545	{@st60}ゲーム設定{/}
UI_20150317_000546	{@st60}戻る{/}
UI_20150317_000547	{@st41}チュートリアルスキップ{/}
UI_20150317_000548	{@st41}キャラクター選択{/}
UI_20150317_000549	{@st41}ログアウト{/}
UI_20150317_000550	{@st41}ゲーム終了{/}
UI_20150317_000551	{@st41}戻る{/}
UI_20150317_000552	{@st43}{s22}レイド召集！
UI_20150317_000553	{@st41b}郊外の城にモンスターたちが押し寄せてきています。この問題を解決できるのはあなたしかいません。
UI_20150317_000554	{@st43}{s22}ゲーム設定{/}
UI_20150317_000555	{@sti7}レイドPT検索中…{/}
UI_20150317_000556	{@st41b}参加取消
UI_20150317_000557	{@st41b}私がなんとかします！
UI_20150317_000558	{@st41b}私にはできません。
UI_20150317_000559	{@sti7}{s24}レイド報酬選択{/}
UI_20150317_000560	{@st42b}残りの時間 {@st43}%s{@st42b}秒{/}
UI_20150317_000561	{@st41b}選択回数を増やす
UI_20150317_000562	{@43b}{s22}選択可能回数 : {@st43}%s{/}
UI_20150317_000563	shadow_box 暫定除去
UI_20150317_000564	{@st43}ランキング{/}
UI_20150317_000565	{@st59}ランキングウィンドウを閉じます{/}
UI_20150317_000566	{@st41}モンスターキル Top 100{/}
UI_20150317_000567	{@st41}ダメージ Top 100{/}
UI_20150317_000568	{@st41}マネーマネー Top 100{/}
UI_20150317_000569	{@st41}レベルアップ Top 100{/}
UI_20150317_000570	{@st41b}メニュー{/}
UI_20150317_000571	{@st43}{s22}アイテム強化{/}
UI_20150317_000572	{@st41b}対象アイテム
UI_20150317_000573	{@st41b}金床
UI_20150317_000574	{@st41}{s20}金床打撃回数 :{@st43} %s
UI_20150317_000575	{@st41}{s20}強化価格 : %s
UI_20150317_000576	{@st41b}強化開始{/}
UI_20150317_000577	{@st59}アイテム強化を開始します。{/}
UI_20150317_000578	{@st59}強化を閉じます{/}
UI_20150317_000579	{@st41b}選択した{@sti9}%s個{/}のアイテムで強化しますか？{/}
UI_20150317_000580	{@st43}強化
UI_20150317_000581	{@st44}アイテム強化{/}
UI_20150317_000582	{s24}{b}{#000000}強化完了！
UI_20150317_000583	{@st41}再強化{/}
UI_20150317_000584	{@st41}閉じる{/}
UI_20150317_000585	{s18}{ol}{gr gradation1}装備修理{/}
UI_20150317_000586	  着用装備  
UI_20150317_000587	  所持装備  
UI_20150317_000588	{gr gradation1}全体選択{/}
UI_20150317_000589	全体選択
UI_20150317_000590	{gr gradation1}修理{/}
UI_20150317_000591	{@st43}修理{/}
UI_20150317_000592	要修理アイテムリスト
UI_20150317_000593	{@st41b}修理費用{/}
UI_20150317_000594	{@st41b}予想残額{/}
UI_20150317_000595	{@st41b}装備修理{/}
UI_20150317_000596	選択した装備を修理します。
UI_20150317_000597	{@st59}アイテム整備を閉じます{/}
UI_20150317_000598	{@st43}アイテム整備{/}
UI_20150317_000599	{@st41}要整備アイテムリスト{/}
UI_20150317_000600	{@st44}アイテム整備{/}
UI_20150317_000601	{@st42}整備{/}
UI_20150317_000602	{@st59}この内容で整備します。{/}
UI_20150317_000603	{@st59}整備しません。{/}
UI_20150317_000604	{@st44}再開{/}
UI_20150317_000605	{@st41b}あなたは{/}{s20}{#cc6600}{ol}戦闘不能{/}{@st41b}状態になりました！{/}
UI_20150317_000606	{@st41b}近くの復活地点から再開{/}
UI_20150317_000607	{@st41b}その場で再開(メダル %s個必要){/}
UI_20150317_000608	{@st41b}フィールドに復帰する{/}
UI_20150317_000609	{@st41b}クエストを放棄してやり直す{/}
UI_20150317_000610	{@st41b}再挑戦{/}
UI_20150317_000611	復活の聖地(70031)
UI_20150317_000612	アイテムが必要です
UI_20150317_000613	休息クイックスロット
UI_20150317_000614	{@st43}吹き出し{/}
UI_20150317_000615	臨時の名前
UI_20150317_000616	{@st41b}{s18}インベントリの空き不足
UI_20150317_000617	インベントリがいっぱいのため、アイテムを獲得できません。{nl}インベントリを整理してください。
UI_20150317_000618	{@st44}セットアイテム獲得！{/}
UI_20150317_000619	アイテムを選択してください
UI_20150317_000620	{@st59b}商店{nl}{@st59s} -アイテムを大量に購入する場合は、右クリックして個数を入力{nl} -アイテムを全量売却する場合は、ダブル右クリック{/}
UI_20150317_000621	{@st59}商店を閉じます{/}
UI_20150317_000622	{@st59}最初のページ{/}
UI_20150317_000623	{@st59}次のページ{/}
UI_20150317_000624	{@st59}最後のページ{/}
UI_20150317_000625	{@st41b}空にする{/}
UI_20150317_000626	{@st59}買い物かごを空にします{/}
UI_20150317_000627	{@st41b}清算{/}
UI_20150317_000628	{@st59}取引を決定します{/}
UI_20150317_000629	{@st43}商店{/}
UI_20150317_000630	{@st41b}購入アイテム{/}
UI_20150317_000631	{@st41b}売却アイテム{/}
UI_20150317_000632	{@st41b}取引清算 ▶{/}
UI_20150317_000633	{@st41b}予想残額 ▶{/}
UI_20150317_000634	{@st41b}自分が売却したアイテム{/}
UI_20150317_000635	{@st41}スロットを空にする{/}
UI_20150317_000636	{@st43}清算{/}
UI_20150317_000637	{@st41}取引清算{/}
UI_20150317_000638	{@st41}予想残額{/}
UI_20150317_000639	{@st41}購入アイテム{/}
UI_20150317_000640	{@sti1c}シモニー
UI_20150317_000641	{@st41}製造スキル
UI_20150317_000642	{@st42}レベル %s{/}
UI_20150317_000643	製造費用
UI_20150317_000644	製造数
UI_20150317_000645	約%s秒必要
UI_20150317_000646	{@st41}作る
UI_20150317_000647	{@st43}クラススキルと特性{/}
UI_20150317_000648	{@st59}クラスとスキルを閉じます{/}
UI_20150317_000649	{@st59b}クラス{nl}{@st59s} - クラスレベルが上がるとスキルポイントを獲得可能{nl} - クラスレベルが15になると転職可能{nl} - スキルポイントをすべて消費しないと転職できない{nl} - 転職時には同じクラスを含む3つのクラスからクラス選択可能{nl} - 同じクラスは3回まで選択可能{nl} - 他のクラスを選択したら、前のクラスには戻れない{nl}{@st59b}スキル{nl}{@st59s} - 各ランク別スキルは最大5レベルまでアップ可能{nl} - マスターから習得した特性はスキル下段で確認可能{/}
UI_20150317_000650	{@st41b}確定{/}
UI_20150317_000651	{@st59}ポイント配分を確定します{/}
UI_20150317_000652	クレリック
UI_20150317_000653	{@st59}ポイント配分を取り消します{/}
UI_20150317_000654	{#ff4400}%s (%sレベル){/} 学習中…
UI_20150317_000655	サイコヘスン
UI_20150317_000656	残り%s分
UI_20150317_000657	{@st43}ポーズ{/}
UI_20150317_000658	{@st59}ポーズを閉じます{/}
UI_20150317_000659	{@st41}掲示板{/}
UI_20150317_000660	{@st41}取引{/}
UI_20150317_000661	{@st41}コミュニティ機能{/}
UI_20150317_000662	{@st41b}コメント入力{/}
UI_20150317_000663	{@st41}登録{/}
UI_20150317_000664	{@st59}入力したコメントを登録します{/}
UI_20150317_000665	{@st41}マイページ開始{/}
UI_20150317_000666	{@st59}マイページを外部に掲示します{/}
UI_20150317_000667	{@st59}挨拶を登録します{/}
UI_20150317_000668	{@st41b}1. メニュー{/}
UI_20150317_000669	{@st41}訪問{/}
UI_20150317_000670	{@st59}マイページを訪問します{/}
UI_20150317_000671	{@st41}販売{/}
UI_20150317_000672	{@st59}アイテムを販売 します{/}
UI_20150317_000673	{@st43}生 活{/}
UI_20150317_000674	{@st59}生活を閉じます{/}
UI_20150317_000675	{@st41}全て表示{/}
UI_20150317_000676	{@st41}マップ作製{/}
UI_20150317_000677	{@st41}%s/分 (%s 保有){/}
UI_20150317_000678	キーボードウォーリア―
UI_20150317_000679	{@st42}%s{/}{@st42_yellow}レベル{/}
UI_20150317_000680	{@st41_yellow}雇用時間
UI_20150317_000681	{@st43}グラフィティ{/}
UI_20150317_000682	{@st59}スプレーを閉じます{/}
UI_20150317_000683	{@st41b}Tip : 下の枠の中に絵を描きます。{/}
UI_20150317_000684	{@st41b}色{/}
UI_20150317_000685	{@st41b}数{/}
UI_20150317_000686	{@st41b}ブラシ{/}
UI_20150317_000687	{@st43}描く{/}
UI_20150317_000688	{@st59}完成した絵を地面に描きます。{/}
UI_20150317_000689	{@st41b}{a SAVE_EDIT_SPRAY}保存{/}{/}
UI_20150317_000690	{@st59}描いている絵を保存します。{/}
UI_20150317_000691	{@st41b}{a LOAD_EDIT_SPRAY}読み込む{/}{/}
UI_20150317_000692	{@st59}描いた絵を読み込みます{/}
UI_20150317_000693	{@st59}選択した色1{/}
UI_20150317_000694	{@st59}選択した色2{/}
UI_20150317_000695	{@st59}色リスト{/}
UI_20150317_000696	{@st59}選択したブラシ{/}
UI_20150317_000697	{@st59}ブラシ1{/}
UI_20150317_000698	{@st59}ブラシ2{/}
UI_20150317_000699	{@st59}ブラシ3{/}
UI_20150317_000700	{@st59}ブラシ4{/}
UI_20150317_000701	{@st59}ブラシ5{/}
UI_20150317_000702	{@st59}ブラシ6{/}
UI_20150317_000703	{@st49}好きな人たち{/}
UI_20150317_000704	{s20}{#050505}とにかく説明
UI_20150317_000705	{@st41} 全体 {/}
UI_20150317_000706	{@st41} PT {/}
UI_20150317_000707	{@st41} モンスター {/}
UI_20150317_000708	{@st41b}{#f0dcaa}残りのステータスポイント ▶ {@st46}%s
UI_20150317_000709	{@st59b}自分の情報{nl}{@st59s} - ステータス : レベルアップによって手に入れたポイントを使って5種類の能力を強化{nl} - 情報 :アイテムとステータス能力値によるキャラクター能力値情報{nl} - 称号 : 業績を完了した時に獲得できる称号{nl}{/}
UI_20150317_000710	{@st41b}情報{/}
UI_20150317_000711	{@st41b}称号{/}
UI_20150317_000712	職業表示
UI_20150317_000713	キャラクター名表示
UI_20150317_000714	{@st59}キャラクター名を変更します{/}
UI_20150317_000715	{@st41b}確定
UI_20150317_000716	{@st59}ステータス分配を確定します{/}
UI_20150317_000717	{@st41b}取消
UI_20150317_000718	{@st59}ステータス分配を取消します{/}
UI_20150317_000719	PC名
UI_20150317_000720	{@st41_yellow}レベル: {@st41}%s{/}
UI_20150317_000721	{@st41_yellow}傭兵スキル
UI_20150317_000722	{@st43}攻撃効果{/}
UI_20150317_000723	{@st43}防御効果{/}
UI_20150317_000724	{@st43}ステータス{/}
UI_20150317_000725	systemmenu_vertical 暫定除去
UI_20150317_000726	{@st59}キャラクター情報 (F1){/}
UI_20150317_000727	{@st59}インベントリ (F2){/}
UI_20150317_000728	{@st59}スキルと特性 (F3){/}
UI_20150317_000729	{@st59}冒険日誌 (F4){/}
UI_20150317_000730	{@st59}クエスト (F5){/}
UI_20150317_000731	{@st59}PT (F6){/}
UI_20150317_000732	{@st59}フレンド (F7){/}
UI_20150317_000733	{@st59}チャット定型文 (F8){/}
UI_20150317_000734	{@st59}コンパニオン (F9){/}
UI_20150317_000735	{@st59}ヘルプ (F10){/}
UI_20150317_000736	{@st59}システムメニュー (Esc){/}
UI_20150317_000737	{@st59}ネクロノミコン{/}
UI_20150317_000738	ヘルプ(F1)
UI_20150317_000739	内容
UI_20150317_000740	詳細表示
UI_20150317_000741	{@st43}ゲーム設定{/}
UI_20150317_000742	{@st43}ゲーム{/}
UI_20150317_000743	{@st41b}経験値獲得量表記{/}
UI_20150317_000744	{@st41b}キャラクター名表示{/}
UI_20150317_000745	{@st41b}チーム名のみ表示{/}
UI_20150317_000746	{@st41b}クエストガイド表示{/}
UI_20150317_000747	{@st43}画面{/}
UI_20150317_000748	{@st43}グラフィック{/}
UI_20150317_000749	{@st41b}全画面{/}
UI_20150317_000750	{@st41b}ウィンドウモード{/}
UI_20150317_000751	{@st43}サウンド{/}
UI_20150317_000752	{@st41b}効果音の音量 (%s){/}
UI_20150317_000753	{@st41b}音楽の音量 (%s){/}
UI_20150317_000754	{@st41b}サウンド全体の音量 (%s){/}
UI_20150317_000755	{@st43}言語選択{/}
UI_20150317_000756	{@st59}ゲーム設定ウィンドウを閉じます{/}
UI_20150317_000757	{@st41b}最低仕様モード{/}
UI_20150317_000758	{@st41b}見る{/}
UI_20150317_000759	{@st59}製作スタッフ{/}
UI_20150317_000760	ターゲットバフウィンドウ
UI_20150317_000761	{@st46}IMCさんの絵
UI_20150317_000762	{@st46}%sさんの絵
UI_20150317_000763	{@st46}いいね
UI_20150317_000764	{@st46}通報
UI_20150317_000765	{@st46}保存剤使用
UI_20150317_000766	{@st46}絵を消す
UI_20150317_000767	スノーハレーション
UI_20150317_000768	花束
UI_20150317_000769	{@st41}プレゼント
UI_20150317_000770	数を入力してください
UI_20150317_000771	{@st53b}%s 勝 %s 敗
UI_20150317_000772	{@st42}今日のスケジュール
UI_20150317_000773	{@st53}開始まで :
UI_20150317_000774	{@st53b}もらったプレゼント : %s個
UI_20150317_000775	{@st43b}%sさんにプレゼント{/}
UI_20150317_000776	{@st55_a}次の試合
UI_20150317_000777	{@st53}- 名前をクリックすると観戦可能{nl}- 右クリックでプレゼント可能
UI_20150317_000778	カメラを自分のキャラクターへ
UI_20150317_000779	{@st55_a}優勝おめでとうございます！
UI_20150317_000780	{@st42}カメラ転換
UI_20150317_000781	{@st44}冒険日誌{/}
UI_20150317_000782	{@st59}表示方法を変更します{/}
UI_20150317_000783	{@st41} 統計 {/}
UI_20150317_000784	{@st41} 製造 {/}
UI_20150317_000785	{@st41} 狩り {/}
UI_20150317_000786	{@st41} ヘルプ {/}
UI_20150317_000787	{@st44}wikiページ{/}
UI_20150317_000788	{@st42}情報{/}
UI_20150317_000789	{@st42}詳細{/}
UI_20150317_000790	{@st42}戦闘{/}
UI_20150317_000791	{@st42}獲得{/}
UI_20150317_000792	{@st59}ページを閉じます{/}
UI_20150317_000793	{@st43}バトルフィールド
UI_20150317_000794	{@st59}バトルフィールドを閉じます。
UI_20150317_000795	(ブロンズ 3)
UI_20150317_000796	{@sti8}今日の獲得可能点数 : {nl}%s{/}
UI_20150317_000797	{@st41}ポイントショップ
UI_20150317_000798	{@st41}ランキング
UI_20150317_000799	{@st42}バトルフィールド日程
UI_20150317_000800	{@st42}最近の戦績
UI_20150317_000801	{@st41}経験値受取
UI_20150317_000802	{@st41}PVPページ
UI_20150317_000803	{@st41}検索
UI_20150317_000804	{@st43}バトルフィールドランキング
UI_20150317_000805	{@st59}バトルフィールドランキングを閉じます。
UI_20150317_000806	{@st56}スキル名{/}
UI_20150317_000807	{@st41}座標確認{/}
UI_20150317_000808	{@st41}訪ねる{/}
UI_20150317_000809	{@st42b}モンスター出現管理{/}
UI_20150317_000810	{@st42b}モンスターリスト{/}
UI_20150317_000811	{@st42b}UI作成{/}
UI_20150317_000812	{@st42b}マップフォグ{/}
UI_20150317_000813	{@st42b}マップ製作{/}
UI_20150317_000814	{@st42b}ミニマップ製作{/}
UI_20150317_000815	{@st42b}ダイアログ {/}
UI_20150317_000816	{@st42b}クエスト報酬修正{/}
UI_20150317_000817	{@st42b}グループ出現{/}
UI_20150317_000818	{@st42b}マップ位置指定{/}
UI_20150317_000819	{@st42b}スキルマップ{/}
UI_20150317_000820	{@st42b}イベントリスト{/}
UI_20150317_000821	{@st42b}座標確認{/}
UI_20150317_000822	{@st42b}XAC、テクスチャ経路確認{/}
UI_20150317_000823	{@st42b}パフォーマンスONOFF{/}
UI_20150317_000824	セリフリスト
UI_20150317_000825	検索。
UI_20150317_000826	{@st41}プレビュー{/}
UI_20150317_000827	{@st41}Off{/}
UI_20150317_000828	{@st41}消去{/}
UI_20150317_000829	{@st41}全て保存{/}
UI_20150317_000830	{@st41}イラスト適用{/}
UI_20150317_000831	 {#FFFFFF}{ds}イベント選択
UI_20150317_000832	 {#FFFFFF}{ds}イベント編集
UI_20150317_000833	{ol}リスト
UI_20150317_000834	保存するグループ名
UI_20150317_000835	{@st42}新規作成{/}
UI_20150317_000836	{@st41}グループ出現{/}
UI_20150317_000837	{@st59}検索するモンスターの名前を入力します{/}
UI_20150317_000838	{@st59}保存するグループの名前を入力します{/}
UI_20150317_000839	{@st41}新しいグループ{/}
UI_20150317_000840	フィルタリング
UI_20150317_000841	{@st59}フィルターを入力します{/}
UI_20150317_000842	{ol}属性値
UI_20150317_000843	クラスリスト
UI_20150317_000844	XMLに適用
UI_20150317_000845	 {#FFFFFF}{ds}ログ
UI_20150317_000846	 {#FFFFFF}{ds}全ての属性を見る
UI_20150317_000847	検索ワードを入力します。
UI_20150317_000848	全ての属性値
UI_20150317_000849	{ol}名前
UI_20150317_000850	{ol}値
UI_20150317_000851	ローグ
UI_20150317_000852	{ol}リビジョン
UI_20150317_000853	{ol}ログ
UI_20150317_000854	クラスリスト
UI_20150317_000855	XML変換
UI_20150317_000856	{ol}クラスネーム
UI_20150317_000857	{ol}属性名
UI_20150317_000858	{ol}変更値
UI_20150317_000859	{ol}反映
UI_20150317_000860	フォルダを開く
UI_20150317_000861	全体チェック
UI_20150317_000862	ヒストリ
UI_20150317_000863	値ロールバック
UI_20150317_000864	{ol}アイテム選択
UI_20150317_000865	検索する名前を入力します。
UI_20150317_000866	{@st42}確認{/}
UI_20150317_000867	{@st41}UI作成{/}
UI_20150317_000868	{ol}フレーム
UI_20150317_000869	{@st41}フレーム{/}
UI_20150317_000870	{@st41}ボタン{/}
UI_20150317_000871	{@st41}テキスト{/}
UI_20150317_000872	{@st42b}一般{img btn_close}
UI_20150317_000873	{@st42b}競売{img btn_close}
UI_20150317_000874	{@st41}マップ位置指定{/}
UI_20150317_000875	{@st41}名前変更{/}
UI_20150317_000876	{@st59}フィルタリングする内容を入力します{/}
UI_20150317_000877	{@st41}作る{/}
UI_20150317_000878	{@st56}XML保存{/}
UI_20150317_000879	{@st56}初期化{/}
UI_20150317_000880	{@st56}属性{/}
UI_20150317_000881	{@st56}値{/}
UI_20150317_000882	{@st42}内容{/}
UI_20150317_000883	{@st41}元に戻す{/}
UI_20150317_000884	{@st41}全て保存{/}
UI_20150317_000885	{@st41}XMLを開く{/}
UI_20150317_000886	{@st42b}固定スキル : 0{/}
UI_20150317_000887	{@st42b}固定スキル : %s{/}
UI_20150317_000888	{@st42b}マウスホーミング{/}
UI_20150317_000889	{@st42b}スキル名{/}
UI_20150317_000890	{@st41}モンスターリスト{/}
UI_20150317_000891	{@st41}パフォーマンスマネージャー{/}
UI_20150317_000892	{ol}クエスト選択
UI_20150317_000893	検索するクエスト名を入力します。
UI_20150317_000894	{ol}マップ選択
UI_20150317_000895	検索するマップの名前を入力します。
UI_20150317_000896	{@st42}現在のマップ{/}
UI_20150317_000897	{ol}マップ名
UI_20150317_000898	{ol}座標
UI_20150317_000899	{@st41}クエスト報酬修正{/}
UI_20150317_000900	{@st59}検索するクエストを入力します{/}
UI_20150317_000901	{@st59}検索するアイテムを入力します{/}
UI_20150317_000902	{@st42}経験値
UI_20150317_000903	{ol}基本報酬
UI_20150317_000904	{ol}個数
UI_20150317_000905	{ol}追加報酬
UI_20150317_000906	{@st45}よく使うチート
UI_20150317_000907	{@st41}スキルマップ{/}
UI_20150317_000908	{@st42}アビリティ{/}
UI_20150317_000909	{@st42}ソードマン{/}
UI_20150317_000910	{@st42}ウィザード{/}
UI_20150317_000911	{@st42}アーチャー{/}
UI_20150317_000912	{@st42}モンク{/}
UI_20150317_000913	{@st42}ソーサラー{/}
UI_20150317_000914	{@st41}スキルバン{/}
UI_20150317_000915	{@st59}xmlロード{/}
UI_20150317_000916	{@st41}読み込む{/}
UI_20150317_000917	{@st59}xmlで保存{/}
UI_20150317_000918	{@st59}開いているスキルマップリセット{/}
UI_20150317_000919	{@st41}リセット{/}
UI_20150317_000920	{@st59}全てのスキルマップリセット{/}
UI_20150317_000921	{@st41}全てリセット{/}
UI_20150317_000922	{s18}解除スクリプト
UI_20150317_000923	{s18}文字列印字
UI_20150317_000924	{s18}数字1印字
UI_20150317_000925	{s18}数字2印字
UI_20150317_000926	{s18}スキル最大レベル
UI_20150317_000927	{@st59}解除スクリプト入力ウィンドウ{/}
UI_20150317_000928	{@st59}解除スクリプト印字{/}
UI_20150317_000929	{@st59}スキル最大レベル{/}
UI_20150317_000930	{@st59}属性保存{/}
UI_20150317_000931	{@st41}属性保存{/}
UI_20150317_000932	{@st44}UIリスト{/}
UI_20150317_000933	{ds}アドオンリスト
UI_20150317_000934	{ds}固定フレームリスト
UI_20150317_000935	{@st42}UIリスト{/}
UI_20150317_000936	{@st59}UIリストを表示する{/}
UI_20150317_000937	{@st42}位置調節{/}
UI_20150317_000938	{@st59}位置調節{/}
UI_20150317_000939	{@st42}属性編集{/}
UI_20150317_000940	{@st59}属性編集{/}
UI_20150317_000941	{@st42}保存{/}
UI_20150317_000942	{@st59}保存{/}
UI_20150317_000943	{@st44}UI属性編集{/}
UI_20150317_000944	{@st59}キャラクター選択{/}
UI_20150317_000945	{@st59}ログアウト{/}
UI_20150317_000946	{@st59}ゲーム設定{/}
UI_20150317_000947	{@st59}ゲーム終了{/}
UI_20150317_000948	{@st43}バラック設定{/}
UI_20150317_000949	{@st59}バラック設定を閉じます{/}
UI_20150317_000950	{@st42_b}{s18}{#f5c384}チーム名{/}
UI_20150317_000951	{@st59}チーム名を入力してください{/}
UI_20150317_000952	{@st59}チーム名を保存します{/}
UI_20150317_000953	systemmenu_vertical 暫定削除
UI_20150317_000954	{@st59}バラック編集を閉じます{/}
UI_20150317_000955	{@st43}バラック編集{/}
UI_20150317_000956	{@st41b}   テーマ   {/}
UI_20150317_000957	{@st41b}   アイテム配置   {/}
UI_20150317_000958	{@st41b}名前
UI_20150317_000959	{@st41b}価格
UI_20150317_000960	{@st41b}状態
UI_20150317_000961	{@st44}新しいキャラクター{/}
UI_20150317_000962	{@st41b}{s22}クラスを選択してください{/}
UI_20150317_000963	{@st41b}作成取消{/}
UI_20150317_000964	{@st59}キャラクター作成を取消します{/}
UI_20150317_000965	キャラクター選択
UI_20150317_000966	{@st41}キャラクター{/}
UI_20150317_000967	{@st59}右に回転{/}
UI_20150317_000968	{@st59}左に回転{/}
UI_20150317_000969	{@st43b}キャラクター回転{/}
UI_20150317_000970	{@st43}キャラクター名{/}
UI_20150317_000971	{@st59}名前を入力します{/}
UI_20150317_000972	{@st43b}性別選択{/}
UI_20150317_000973	{@st59}女性{/}
UI_20150317_000974	{@st59}男性{/}
UI_20150317_000975	{@st43b}ヘア選択{/}
UI_20150317_000976	{@st59}ヘア1{/}
UI_20150317_000977	{@st59}ヘア2{/}
UI_20150317_000978	{@st59}ヘア3{/}
UI_20150317_000979	{@st59}ヘア4{/}
UI_20150317_000980	{@st59}ヘア5{/}
UI_20150317_000981	{@st59}ヘア6{/}
UI_20150317_000982	{@st59}ヘア7{/}
UI_20150317_000983	{@st59}ヘア8{/}
UI_20150317_000984	{@st59}ヘア9{/}
UI_20150317_000985	{@st59}ヘア10{/}
UI_20150317_000986	{@st43b}クラス選択{/}
UI_20150317_000987	{@st59}ソードマン{/}
UI_20150317_000988	{@st59}ウィザード{/}
UI_20150317_000989	{@st59}アーチャー{/}
UI_20150317_000990	{@st59}クレリック{/}
UI_20150317_000991	{@st41b}バラック訪問{/}
UI_20150317_000992	{@st59}他の人のバラックを訪問します。{/}
UI_20150317_000993	{@st41b}ログアウト{/}
UI_20150317_000994	{@st59}ログイン画面へ移動します{/}
UI_20150317_000995	{@st41b}ゲーム終了{/}
UI_20150317_000996	{@st59}ゲームを終了します{/}
UI_20150317_000997	{@st41b}ゲームを開始するチャンネルを選択してください{/}
UI_20150317_000998	{@st43}ゲーム開始{/}
UI_20150317_000999	{@st59}選択したキャラクターでゲームを開始します{/}
UI_20150317_001000	{@st43}{s26}チーム名{/}
UI_20150317_001001	{@st59}チーム名{/}
UI_20150317_001002	{@st41b}チーム名変更{/}
UI_20150317_001003	{@st59}チーム名を変更します{/}
UI_20150317_001004	{@st41}コンパニオン{/}
UI_20150317_001005	チャットドラッグ
UI_20150317_001006	{@st44}新しいチャットウィンドウ名{/}
UI_20150317_001007	{@st42}変更{/}
UI_20150317_001008	{@st44}新しいウィンドウ名{/}
UI_20150317_001009	{@st43}{s40}{gr gradation4}キャラクター作成{/}
UI_20150317_001010	{@st59}キャラクターを作成します{/}
UI_20150317_001011	{@st59}作成を取消します{/}
UI_20150317_001012	{@st59}チーム名入力を閉じます{/}
UI_20150317_001013	{@st59}入力した名前でチームを作成します{/}
UI_20150317_001014	{@st43}{s30}{#f0dcaa}チーム名入力！
UI_20150317_001015	{@st41b} チーム名はすべてのキャラクターを代表する名前です。{nl}自由に変えることのできるチーム名は、取引やギルド加入、チャットなどに使われる共有の名前です。{/}
UI_20150317_001016	ローディング背景
UI_20150317_001017	TIP
UI_20150317_001018	ゲームTIP
UI_20150317_001019	ログイン
UI_20150317_001020	アカウント
UI_20150317_001021	{@st59}IDを入力してください{/}
UI_20150317_001022	パスワード
UI_20150317_001023	{@st59}パスワードを入力してください{/}
UI_20150317_001024	{@st43}ゲームに接続{/}
UI_20150317_001025	{@st59}選択したサーバーに接続します{/}
UI_20150317_001026	{@st41b}リプレイ{/}
UI_20150317_001027	{@st41b}シングルモード{/}
UI_20150317_001028	{@st41b}ゲーム終了{/}
UI_20150317_001029	保存
UI_20150317_001030	{@st59}チェックするとアカウントを保存します{/}
UI_20150317_001031	サーバーリスト
UI_20150317_001032	{@st59}接続するサーバーを選択してください{/}
UI_20150317_001033	ログインタイトル
UI_20150317_001034	[CBTテストバージョン]
UI_20150317_001035	オプション
UI_20150317_001036	視野距離
UI_20150317_001037	{s20}{#BBBBBB}視野距離
UI_20150317_001038	視野距離 :
UI_20150317_001039	キャラクター :
UI_20150317_001040	背景オブジェクト :
UI_20150317_001041	地形-草(%) :
UI_20150317_001042	地形-ツリー (%) :
UI_20150317_001043	地形-オブジェクト(%) :
UI_20150317_001044	シャドウ
UI_20150317_001045	{s20}{#BBBBBB}シャドウマップ
UI_20150317_001046	シャドウマップ使用
UI_20150317_001047	シャドウ品質 :
UI_20150317_001048	SSAO使用
UI_20150317_001049	SSAO方式 :
UI_20150317_001050	SSAO解像度 :
UI_20150317_001051	水の反射
UI_20150317_001052	{s20}{#BBBBBB}水の反射
UI_20150317_001053	キャラクターの水の反射
UI_20150317_001054	背景の水の反射
UI_20150317_001055	{s20}{#BBBBBB}Glow 設定
UI_20150317_001056	Glow使用
UI_20150317_001057	{@st41}攻撃力{/}
UI_20150317_001058	{@st41}防御力{/}
UI_20150317_001059	{@st41}補助{/}
UI_20150317_001060	{@st41}難易度{/}
UI_20150317_001061	{@st41}ヘ ア
UI_20150317_001062	{@st41}回 転
UI_20150317_001063	{@st43}キャラクター作成
UI_20150317_001064	{@st59}設定どおりにキャラクターを作成します{/}
UI_20150317_001065	{@st41b}選択取消
UI_20150317_001066	{@st59}キャラクター選択を取消します{/}
UI_20150317_001067	キャラクター情報
UI_20150317_001068	{@st41}一緒に行く
UI_20150317_001069	{@st59}クリック後、キャラクターを選択するとコンパニオンと一緒に行動できます{/}
UI_20150317_001070	アイテム作成UI
UI_20150317_001071	{s24}名前 : 
UI_20150317_001072	{s16} 力 : 
UI_20150317_001073	{s16} 体力 : 
UI_20150317_001074	{s16} 敏捷 : 
UI_20150317_001075	{s16} 気力 : 
UI_20150317_001076	{s16} 道力 : 
UI_20150317_001077	{s18} 職業選択
UI_20150317_001078	{s18} 正道連盟
UI_20150317_001079	{s18} 天明魔教
UI_20150317_001080	洪武門
UI_20150317_001081	大道天
UI_20150317_001082	華仙道
UI_20150317_001083	龍華極仙鐘
UI_20150317_001084	天子聖
UI_20150317_001085	蓮華橋
UI_20150317_001086	{s16}性別と外見
UI_20150317_001087	男
UI_20150317_001088	女
UI_20150317_001089	髪型
UI_20150317_001090	身長
UI_20150317_001091	肩幅
UI_20150317_001092	手足の大きさ
UI_20150317_001093	バストサイズ
UI_20150317_001094	ウエストサイズ
UI_20150317_001095	ヒップサイズ
UI_20150317_001096	{s18} 頭の大きさ
UI_20150317_001097	{s14} 身長
UI_20150317_001098	{s14} 肩幅
UI_20150317_001099	{s14} 手足の大きさ
UI_20150317_001100	{s14} バストサイズ
UI_20150317_001101	{s14} ウエストサイズ
UI_20150317_001102	{s14} ヒップサイズ
UI_20150317_001103	デフォルト値
UI_20150317_001104	任意設定値
UI_20150317_001105	新規人物作成
UI_20150317_001106	人物作成取消
UI_20150317_001107	{@st43}{s40}{gr gradation4}ゲーム開始{/}
UI_20150317_001108	{@st43}{s40}{gr gradation4}プレビュー終了{/}
UI_20150317_001109	{@st43}{s40}{gr gradation4}ゾーンに戻る{/}
UI_20150317_001110	{@st59}もう一度ゾーンに入ります。{/}
UI_20150317_001111	{@st41b}戻る{/}
UI_20150317_001112	{@st59}自分のバラックに戻ります。{/}
UI_20150317_001113	{@st43}{s24}バラック名{/}
UI_20150317_001114	{@st59}バラック名{/}
UI_20150317_001115	{@st41b}編集{/}
UI_20150317_001116	{@st59}バラック編集{/}
UI_20150317_001117	{@st41b}設  定{/}
UI_20150317_001118	{@st59}バラック設定{/}
UI_20150317_001119	カスタマイズアイテムフレーム
UI_20150317_001120	緑
UI_20150317_001121	密度
UI_20150317_001122	体力とか
UI_20150317_001123	{@st59}ヘアアクセサリ{/}
UI_20150317_001124	{@st59}補助アクセサリ{/}
UI_20150317_001125	{@st42}テキスト{/}
UI_20150317_001126	基本コンテンツ名
UI_20150317_001127	基本グループ名
UI_20150317_001128	基本アイテム名
UI_20150317_001129	キムピョンジク
UI_20150317_001130	重さ : %s
UI_20150317_001131	星星星
UI_20150317_001132	%s 種族
UI_20150317_001133	フォレスタ(植物型)
UI_20150317_001134	取引不可
UI_20150317_001135	強化不可
UI_20150317_001136	星星星星
UI_20150317_001137	アイテム名
UI_20150317_001138	このアイテムを着用したらなんちゃら
UI_20150317_001139	レベル何以上
UI_20150317_001140	誰が装着可能
UI_20150317_001141	最大ソケット %s個
UI_20150317_001142	アイテム名
UI_20150317_001143	商店売却価格 : %s シルバー
UI_20150317_001144	いくら
UI_20150317_001145	{@st42b}シャウレイ全体探査率{/}
UI_20150317_001146	{@st42b}西の森探査率{/}
UI_20150317_001147	{@st18}アイテム{/}
UI_20150317_001148	{@st18}自分の順位{/}
UI_20150317_001149	ダイヤ
UI_20150317_001150	体力プラス九千
UI_20150317_001151	{@st18}平均{/}
UI_20150317_001152	{@st42b}{s18}熟練度{/}
UI_20150317_001153	{@st55_c}アイテム名
UI_20150317_001154	{@st55_c}メモ記録
UI_20150317_001155	{@st59}名前を入力します。入力しない場合は基本の名前で作成します{/}
UI_20150317_001156	{@st59}メモを入力します{/}
UI_20150317_001157	{@st43}アイテム 製造
UI_20150317_001158	{@st42b}%s点{/}
UI_20150317_001159	{@st42b}%s個{/}
UI_20150317_001160	{@st42b}%s点{/}
UI_20150317_001161	{@st42b}%s個{/}
UI_20150317_001162	{s16}{ol}1個の価格
UI_20150317_001163	合計金額 :   1
UI_20150317_001164	{@st41}ヘルプ
UI_20150317_001165	{@st41}写真についての説明
UI_20150317_001166	{@st41}登録
UI_20150317_001167	{@st41}名  前
UI_20150317_001168	{@st41}メッセージ
UI_20150317_001169	{@st43}名  前{/}
UI_20150317_001170	{@st41b}メッセージ{/}
UI_20150317_001171	{@st42b}ログイン{/}
UI_20150317_001172	{@st41}新しいチャットを作る
UI_20150317_001173	{@st41}全体チャット
UI_20150317_001174	地域名
UI_20150317_001175	{@st41}スキル名
UI_20150317_001176	{@st41}特性ポイント
UI_20150317_001177	{@st41}クラス名
UI_20150317_001178	キャラクター名
UI_20150317_001179	{@sti7}削除{/}
UI_20150317_001180	キャラクターレベル
UI_20150317_001181	{@st42}クエスト共有{/}
UI_20150317_001182	{@st42}経験値共有{/}
UI_20150317_001183	キャラクターメモ
UI_20150317_001184	PT平均レベル : {#FFFF00}%s{/}
UI_20150317_001185	探しているPTメンバー : {#FFFF00}%s{/}
UI_20150317_001186	クレリック / アーチャー
UI_20150317_001187	クエスト共有 : {#FFFF00}%s{/}
UI_20150317_001188	サアヨン
UI_20150317_001189	経験値分配規則 : {#FFFF00}%s{/}
UI_20150317_001190	均等分配
UI_20150317_001191	アイテム分配規則 : {#FFFF00}%s{/}
UI_20150317_001192	ランダムに分配
UI_20150317_001193	もしかしたら私が
UI_20150317_001194	誰だかわからないのか
UI_20150317_001195	{@st41b}冒険日誌に登録されました。
UI_20150317_001196	クエスト用メニューオブジェクト
UI_20150317_001197	クエストのカテゴリ
UI_20150317_001198	クエストのリストオブジェクト
UI_20150317_001199	クエストのリストオブジェクト-ここまでは昔のです
UI_20150317_001200	ロードマップで使うライン
UI_20150317_001201	スロットオブジェクト_一般用
UI_20150317_001202	スロットオブジェクト_キャッシュスロット
UI_20150317_001203	キャラクター詳細情報タイプ1
UI_20150317_001204	キャラクター詳細情報タイプ2
UI_20150317_001205	インベントリ リストタイプ1
UI_20150317_001206	インベントリ リストタイプ2
UI_20150317_001207	インベントリ スロットタイプ
UI_20150317_001208	マーケットでアイテムを見る_ディテール
UI_20150317_001209	アイテム名表示
UI_20150317_001210	残りの数表示
UI_20150317_001211	値を表示
UI_20150317_001212	カートに入れた場合
UI_20150317_001213	総合を表示
UI_20150317_001214	アイテム表示用
UI_20150317_001215	単価表示
UI_20150317_001216	アイテムカテゴリ
UI_20150317_001217	お知らせ
UI_20150317_001218	{@st42b}再開{/}
UI_20150317_001219	ペルタスト
UI_20150317_001220	99サークル
UI_20150317_001221	ゴブリン8匹退治
UI_20150317_001222	ToolTip
UI_20150317_001223	EXP : sad{br}+1 エンチャントクリスタル (攻撃)
UI_20150317_001224	アフレンティスソード
UI_20150317_001225	修理耐久度 :
UI_20150317_001226	修理費用 : 120シルバー
UI_20150317_001227	修理費用 : %sシルバー
UI_20150317_001228	{@st42b}入札数 {@sti7}%s{/}
UI_20150317_001229	{@st42b}現在の価格 {img icon_item_silver 20 20}{@st57}%s{/}
UI_20150317_001230	{@st41}即時購入！ {img icon_item_silver 20 20}{@st57}%s{/}
UI_20150317_001231	{@st41b}アイテム受取{/}
UI_20150317_001232	{@st42b}入札金 {img icon_item_silver 20 20}{@st57} %s{/}
UI_20150317_001233	{@sti7}返還
UI_20150317_001234	{@st59}頭{/}
UI_20150317_001235	{@st59}左ブレスレット{/}
UI_20150317_001236	{@st59}右ブレスレット{/}
UI_20150317_001237	{@st59}衣装{/}
UI_20150317_001238	{@st59}リング2{/}
UI_20150317_001239	ペット名
UI_20150317_001240	雑貨商セット
UI_20150317_001241	西の森など
UI_20150317_001242	メダル消耗
UI_20150317_001243	カテゴリ名
UI_20150317_001244	ヘルプですよ
UI_20150317_001245	{@sti7}%s点{/}
UI_20150317_001246	{@st41b}%s点数
UI_20150317_001247	クエストクリア25個
UI_20150317_001248	- [サブ]棘の森
UI_20150317_001249	{@st42}装着アイテム
UI_20150317_001250	{@st44}%sランククラス情報{/}
UI_20150317_001251	何次転職情報
UI_20150317_001252	ハートとか
UI_20150317_001253	ソードマン
UI_20150317_001254	%s レベル
UI_20150317_001255	メモ : {#666666}%s
UI_20150317_001256	アヤセ
UI_20150317_001257	%sさんとの関係バッジ
UI_20150317_001258	{#FFFF33}%s{/}さんがフレンド申請しました{/}
UI_20150317_001259	{@st41b}受諾
UI_20150317_001260	{@st41b}拒絶
UI_20150317_001261	{@st53b}フレンドリストを読み込んでいます
UI_20150317_001262	レベル %s{/}
UI_20150317_001263	{@st41}取消
UI_20150317_001264	販売するバフを登録してください。
UI_20150317_001265	価格 : %s{/}
UI_20150317_001266	残りの数
UI_20150317_001267	{@st41}購入
UI_20150317_001268	残りの数 : %s{/}
UI_20150317_001269	{@st41}アイテム{/}
UI_20150317_001270	{@st41b}メモ
UI_20150317_001271	{@st41b}製造
UI_20150317_001272	{@st41b}価格 : %s{/}
UI_20150317_001273	{@sti5}価格 : %s{/}
UI_20150317_001274	{@sti9}PTメンバークエスト (%s){/}
UI_20150317_001275	{@st41_yellow}探索率 %s%{/}
UI_20150317_001276	{@st41_yellow}獲得点数 %s{/}
UI_20150317_001277	{@st42b}{b}達成率{/}
UI_20150317_001278	{@st59}PTクエストの進行を受諾します{/}
UI_20150317_001279	ウィンドウ
UI_20150317_001280	ステータス
UI_20150317_001281	タブ
UI_20150317_001282	イメージアイテム
UI_20150317_001283	エフェクト
UI_20150317_001284	コントロールセット
UI_20150317_001285	{@st41}難易度 : %s
UI_20150317_001286	{@st42}残りの時間 : %s
UI_20150317_001287	{@st53}製造中のアイテム
UI_20150323_001288	{@st59}アイテムを載せてください{/}
UI_20150323_001289	{@st42}取 消
UI_20150323_001290	{@st42}確 認
UI_20150323_001291	{@st43}ブリケティング{/}
UI_20150323_001292	現在のポテンシャル
UI_20150323_001293	消費材料
UI_20150323_001294	消費個数
UI_20150323_001295	保有個数
UI_20150323_001296	{@sti6}取引記録
UI_20150323_001297	{@st43}拠点
UI_20150323_001298	看板タイトル
UI_20150323_001299	{@st43}建設
UI_20150323_001300	{@stc1}拠点維持時間
UI_20150323_001301	{@stc1}効果
UI_20150323_001302	{@stc1}消費材料と費用
UI_20150323_001303	{@st41b}拠点
UI_20150323_001304	{@st41b}ログ
UI_20150323_001305	{@st41b}時間更新
UI_20150323_001306	{@st59}維持時間を更新します{/}
UI_20150323_001307	{@st41b}拠点維持時間
UI_20150323_001308	{@st41b}効果
UI_20150323_001309	{@st42b}更新すると追加拠点が24時間維持され、%sシルバーを消耗します。
UI_20150323_001310	{@st41b}個人倉庫
UI_20150323_001311	{@stc1}倉庫にアイテムを保管し、取り出す時に%sシルバー消費します。{/}
UI_20150323_001312	{@st41}{#ffff00}ターゲット固定{/}
UI_20150323_001313	{@st43}配食テーブル
UI_20150323_001314	{@st41b}食糧の種類
UI_20150323_001315	{@st41b}テーブル
UI_20150323_001316	{@st59}配食テーブルを閉じます{/}
UI_20150323_001317	{@st43}グリモワール{/}
UI_20150323_001318	{@st59}グリモワールUIを閉じます{/}
UI_20150323_001319	自分の召喚スキル
UI_20150323_001320	メインカード
UI_20150323_001321	補助カード
UI_20150323_001322	ステータス
UI_20150323_001323	CON
UI_20150323_001324	INT
UI_20150323_001325	DEX
UI_20150323_001326	Critical
UI_20150323_001327	{@st43}商店開設{/}
UI_20150323_001328	{@st41b}設定
UI_20150323_001329	1個の価格
UI_20150323_001330	{@st41b}材料リスト
UI_20150323_001331	{@st43}ジェムロスティング{/}
UI_20150323_001332	{@st59}UIを閉じます{/}
UI_20150323_001333	{@st41b}メンテナンス{/}
UI_20150323_001334	{@st41b}ログ{/}
UI_20150323_001335	価格
UI_20150323_001336	{@st59}ジェムを載せてください{/}
UI_20150323_001337	消費材料
UI_20150323_001338	残りの数
UI_20150323_001339	{@st42}閉店
UI_20150323_001340	{@st43}武器メンテ{/}
UI_20150323_001341	{@st43}装備メンテ{/}
UI_20150323_001342	{@st41b}価格
UI_20150323_001343	{@st41b}消費材料
UI_20150323_001344	{@st43}修 理{/}
UI_20150323_001345	{@st41b}修理{/}
UI_20150323_001346	スキルレベル
UI_20150323_001347	{@st41}入場可能人数
UI_20150323_001348	{@st41}アイテム覚醒ダンジョン
UI_20150323_001349	{@st41}必要な材料
UI_20150323_001350	{@st59}必要な材料{/}
UI_20150323_001351	推奨レベル : %s
UI_20150323_001352	{@st43}UI選択モード{/}
UI_20150323_001353	{@st43}購入依頼商店
UI_20150323_001354	商店名
UI_20150323_001355	{@st41b}商店を開く
UI_20150323_001356	{@st59}購入依頼商店を始めます{/}
UI_20150323_001357	{@st59}取り消します{/}
UI_20150323_001358	{@st59}購入依頼商店を閉じます{/}
UI_20150323_001359	購入依頼
UI_20150323_001360	{@st59}購入依頼商店を閉じます。
UI_20150323_001361	{@st59}購入依頼商店{nl} - 自分が持っているアイテムをシルバーと交換できます。
UI_20150323_001362	{@st43}依頼者が望むアイテム{/}
UI_20150323_001363	{@st43}販売したいアイテム
UI_20150323_001364	{@st43}合計数
UI_20150323_001365	{@st41}販売
UI_20150323_001366	{@st41}錬金材料
UI_20150323_001367	{@st41}錬金対象 '{@stx1}(%s必要){/}
UI_20150323_001368	{@st59}ペットを召喚します。{/}
UI_20150323_001369	{@st41b}設定{/}
UI_20150323_001370	{@st59}グリモワール{/}
UI_20150323_001371	{@st41b}ブルーム適用{/}
UI_20150323_001372	{@st41b}ビネッティング適用{/}
UI_20150323_001373	{@st41b}FXAA適用{/}
UI_20150323_001374	{@st41b}GLOW適用{/}
UI_20150323_001375	{@st41b}Depth適用{/}
UI_20150323_001376	{@st41b}SoftParticle適用{/}
UI_20150323_001377	{@st43}個人倉庫{/}
UI_20150323_001378	{@st59}個人倉庫を閉じます。{/}
UI_20150323_001379	{@sti6}倉庫にアイテムを保管して取り出す際に%sシルバーかかります。{/}
UI_20150323_001380	{@st59}Alt+Zで武器変更{/}
UI_20150323_001381	{@st59}バラックの設定を保存します。{/}
UI_20150323_001382	バラック変更
UI_20150323_001383	{@st59}バラック変更ウィンドウを閉じます。
UI_20150323_001384	{@st59}バラック変更{nl} - バラックの背景を変更して、人数枠を拡張します。
UI_20150323_001385	{@st41}プレビュー取消
UI_20150323_001386	{@st46}自分のメダル : %s{/}
UI_20150323_001387	{@st41b}バラック変更{/}
UI_20150323_001388	{@st59}バラック模様替え{/}
UI_20150323_001389	{@st41b}バラック設定{/}
UI_20150323_001390	{@st59}バラックの設定を変更します{/}
UI_20150323_001391	{@st45ty}キャラクター挨拶{/}
UI_20150323_001392	{@st45ty}購入依頼商店
UI_20150323_001393	{@st41b}変更
UI_20150323_001394	{@st59}キャラクター挨拶を変更します{/}
UI_20150323_001395	{@st59}購入依頼商店を設定します{/}
UI_20150323_001396	購入数 : %s{/}
UI_20150323_001397	購入するアイテム検索
UI_20150323_001398	購入数
UI_20150323_001399	1個の価格
UI_20150323_001400	{@sti5}%s個{/}
UI_20150323_001401	{@st41}食べる
UI_20150323_001402	{@st41}製造
UI_20150323_001403	{@st41}製造数
UI_20150323_001404	{@st41}消費材料
UI_20150401_001405	{@st59}ブリケティングを閉じます{/}
UI_20150401_001406	{@st41}拠点解体
UI_20150401_001407	{@st40}[%sサークル]{/}
UI_20150401_001408	{@st43}スキル{/}
UI_20150401_001409	{@st43}クラスTip{/}
UI_20150401_001410	クラスTip
UI_20150401_001411	{@st42}{#ffff00}ターゲット固定{/}
UI_20150401_001412	{@st41}テーブル解体
UI_20150401_001413	{@st43}ティンクチャーリング{/}
UI_20150401_001414	ジョイスティッククイックスロット
UI_20150401_001415	{@st42}{#ffff00}キーボードモード{/}
UI_20150401_001416	{@st43}奉献箱を開く
UI_20150401_001417	{@st41b}開く
UI_20150401_001418	{@st41b}奉献箱
UI_20150401_001419	{@st41}奉献箱名
UI_20150401_001420	支給金額
UI_20150401_001421	予想収益
UI_20150401_001422	所持金
UI_20150401_001423	{@st45tw}奉献箱アイテム詳細内容
UI_20150401_001424	{@st41}一括販売
UI_20150401_001425	{@st43}奉献箱
UI_20150401_001426	奉献する
UI_20150401_001427	取引清算
UI_20150401_001428	予想残額
UI_20150401_001429	{@st45tw}奉献箱
UI_20150401_001430	{@st41}空にする
UI_20150401_001431	{@st43}現在のゾーンのプレイヤーリスト{/}
UI_20150401_001432	{@st59}運営者UIリストを閉じます{/}
UI_20150401_001433	{@st41}PT説明 :
UI_20150401_001434	{s20}毒の量  {s28}{b}{#ff6600}%s
UI_20150401_001435	毒製造用材料アイテム
UI_20150401_001436	{@st41b}全体選択{/}
UI_20150401_001437	{@st59}もう一度クリックすると全体解除{/}
UI_20150401_001438	{@st41b}製造{/}
UI_20150401_001439	{@st59}混ぜて混ぜてぐるぐる混ぜて{/}
UI_20150401_001440	{@st41b}業績{/}
UI_20150401_001441	ヘアカラー
UI_20150401_001442	装着可能な称号
UI_20150401_001443	{@st41b}ジョイスティックUIモード{/}
UI_20150401_001444	{@st41}{#ffffcc}名前
UI_20150401_001445	{@st41}{#ffffcc}価格
UI_20150401_001446	{@st41}{#ffffcc}状態
UI_20150401_001447	{@st41b}プレビュー取消
UI_20150401_001448	{@st41}{#ffff00}自分のメダル : %s{/}
UI_20150401_001449	着用中
UI_20150401_001450	説明 : {#FFFF00}%s{/}
UI_20150401_001451	平均レベル : {#FFFF00}%s{/}
UI_20150401_001452	条件
UI_20150401_001453	称号   %s
UI_20150401_001454	報酬   %s
UI_20150401_001455	{@st42}個数
UI_20150406_001456	{@st43}ベースキャンプ
UI_20150406_001457	{@st42}建設
UI_20150406_001458	{@st42}取消
UI_20150406_001459	{@stc1}キャンプ維持時間
UI_20150406_001460	{@st41b}ベースキャンプ
UI_20150406_001461	{@st41b}キャンプ維持時間
UI_20150406_001462	{@st42b}更新するとキャンプの維持時間が24時間増加し、{nl} %sシルバーを消費します。
UI_20150406_001463	{@st41}キャンプ解体
UI_20150406_001464	{@st42}テーブル解体
UI_20150406_001465	{@st59b}グリモワール{nl}{@st59s} - カードをデッキに載せて召喚術を実行します。{/}
UI_20150406_001466	{@st41}自分の召喚スキル
UI_20150406_001467	{@st41}ステータス
UI_20150406_001468	{@st41b}奉献箱の名前
UI_20150406_001469	{@st41b}奉献箱のアイテム詳細
UI_20150406_001470	{@st59}購入依頼商店を閉じます。
UI_20150406_001471	{@st59b}購入依頼商店{nl}{@st59s} - 自分が持っているものをシルバーに交換できます。
UI_20150406_001472	{@st41b}依頼者要請アイテム{/}
UI_20150406_001473	{@st41b}販売登録アイテム{/}
UI_20150406_001474	{@st41b}収入総額
UI_20150406_001475	{@st41b}販売
UI_20150406_001476	{@st59}登録したアイテムを販売します。{/}
UI_20150406_001477	{@st59}個人倉庫を閉じます。{/}
UI_20150406_001478	{@st41b}倉庫にアイテムを保管して取り出す際には%sシルバーを消費します。{/}
UI_20150406_001479	{@st41b}個数
UI_20150414_001480	{@st42b}更新するとキャンプの維持時間が増加し、{nl} %sシルバーを消費します。
UI_20150414_001481	{@st41b}タイプ      {@sti7}%s{/}
UI_20150414_001482	{@st41b}操作難易度  {@sti7}%s{/}
UI_20150414_001483	{@st59b} アイテム  {/}
UI_20150414_001484	{@st59b}  モンスター  {/}
UI_20150414_001485	{@st59b}  マップ移動  {/}
UI_20150414_001486	{@st59b}  戦闘命令  {/}
UI_20150414_001487	{s26}{b}個
UI_20150414_001488	{s26}{b}レベル
UI_20150414_001489	{@st44}{s26}レベル
UI_20150414_001490	{@st59b}{s26}体
UI_20150414_001491	{@st41b}調理
UI_20150414_001492	{@st41b}食糧
UI_20150414_001493	{@st42}キッチン撤去
UI_20150414_001494	{@st41b}記録{/}
UI_20150414_001495	{@st41}PT説明
UI_20150414_001496	{@st41b}入力{/}
UI_20150414_001497	ロスティングレベル %s
UI_20150428_001498	{@st43}購入商店{/}
UI_20150428_001499	{@st41b}締め切る
UI_20150428_001500	{@st41b}不具合報告
UI_20150428_001501	{@st59}問題のある点について報告します。{/}
UI_20150428_001502	{s22}不具合報告{/}{nl}{s17}ここから不具合の報告をすると、これまでのゲームプレイ画面をサーバーに送信いたします。送信したリプレイファイルは不具合の修正に役立ちます。{/}
UI_20150428_001503	{@st41b}不具合の内容 :{/}
UI_20150428_001504	{@st41b}不具合の内容は必須入力事項ではありませんが、分析に役立ちます。
UI_20150428_001505	{@st41b}送信
UI_20150428_001506	{@st42}{s14}{#ffff00}ターゲット固定{/}
UI_20150428_001507	{@st59}距離や方向転換に関係なく、ターゲットを固定します。
UI_20150428_001508	PT条件一致！
UI_20150428_001509	ジョイスティック休息クイックスロット
UI_20150428_001510	{@st41b}休息モード
UI_20150428_001511	ジョイパッドチュートリアル
UI_20150428_001512	{@st59}ジョイパッドの説明を閉じます。(M){/}
UI_20150428_001513	キーボードチュートリアル
UI_20150428_001514	{@st44}ログアウト{/}
UI_20150428_001515	{@st41b}ヘルパーを残す(メダル %s個必要){/}
UI_20150428_001516	ソケット追加費用 : {#ff9933}%s{/}{nl}ジェム除去費用 : {#ff9933}%s{/}
UI_20150428_001517	{@st41b}ジェム除去
UI_20150428_001518	{@st42}{s14}{#ffff00}UIモード{/}
UI_20150428_001519	{@st59}キーボードやジョイパッドを使ってUiを操作します。
UI_20150428_001520	PTメンバー探しの機能使用
UI_20150428_001521	この機能を使うキャラクターのうち、条件に合ったキャラクターが{nl}見つかると、[PT条件一致！]と表示されます。
UI_20150428_001522	{@st41}プレイスタイル{/}
UI_20150428_001523	クエスト進行
UI_20150428_001524	狩り中心
UI_20150428_001525	イベント進行
UI_20150428_001526	{@st41}レベル差{/}
UI_20150428_001527	気にしない  /
UI_20150428_001528	{@st41}希望するクラス系統{/}
UI_20150428_001529	{@st41b}PT脱退
UI_20150428_001530	{@st59}PT説明で検索します。{/}
UI_20150428_001531	{s18}{ol}{gr gradation1}ヘルパールール{/}
UI_20150428_001532	{@st59}製造を実行します。{/}
UI_20150428_001533	{@st45ty}ヘアカラー
UI_20150428_001534	{@st45ty}装着可能な称号
UI_20150428_001535	{@st41_yellow}ヘルパースキル
UI_20150428_001536	{@st41b}他のキャラクター名表示{/}
UI_20150428_001537	{@st43}UIモード{/}
UI_20150428_001538	{@st41b}自動{/}
UI_20150428_001539	{@st41b}ジョイパッド{/}
UI_20150428_001540	{@st41b}キーボード{/}
UI_20150428_001541	ジョイパッド
UI_20150428_001542	{@st59}ジョイパッドについて{/}
UI_20150428_001543	キーボード
UI_20150428_001544	{@st59キーボードについて{/}
UI_20150428_001545	{@st43}グラフィック設定{/}
UI_20150428_001546	{@st43}性能調整{/}
UI_20150428_001547	{@st41b}低スペックモード{/}
UI_20150428_001548	{@st41b}自動調整{/}
UI_20150428_001549	{@st41b}使用しない{/}
UI_20150428_001550	ゲームfaq
UI_20150428_001551	人数 : (%s/%s)
UI_20150428_001552	100レベル以上 : (%s/%s)
UI_20150511_001553	{@st41}PT招待にリンクを貼る
UI_20150714_001554	{@st66b}落札アイテム : %s個 / 流札アイテム : %s個{/}
UI_20150714_001555	{@st41b}取引記録
UI_20150714_001556	{@st41b}キャンプ解体
UI_20150714_001557	カードバトル
UI_20150714_001558	{@st64}%s勝{/}
UI_20150714_001559	カード決定
UI_20150714_001560	冒険指数 {#ffff00}%s{/} ({#ffff00}%s{/}位)
UI_20150714_001561	{@st66b}いいね！
UI_20150714_001562	このキャラクター、いいね {#ffff00}%s{/}
UI_20150714_001563	{@st41b}キッチン撤去
UI_20150714_001564	{@st42}自分の召喚スキル
UI_20150714_001565	{@st42}ステータス
UI_20150714_001566	{@st42}現在の位置 : %s{/}
UI_20150714_001567	{@st59b}着用装備{nl}{@st59s} - ヘア/コスチューム : 外見変更可能アイテム着用{nl} - 武器 : 片手装備と両手装備を着用可能{nl}   (片手装備着用時、サブウェポン/盾を着用可能 ){nl} - 防具 : 上半身、下半身、手袋、靴着用{nl} - アクセサリ : ネックレス 1個、ブレスレット2個着用{nl}   (ブレスレット2はAltキーで比較/装着可能){/}
UI_20150714_001568	{@st43}%s 商店開設{/}
UI_20150714_001569	{@st41b}ロースティング{/}
UI_20150714_001570	{@st66}全体選択
UI_20150714_001571	{@st43}矢製造{/}
UI_20150714_001572	{@st59} UIを閉じます{/}
UI_20150714_001573	{@st66b}確認{/}
UI_20150714_001574	{@st66b}ヘルパーを残す(メダル %s個必要){/}
UI_20150714_001575	ソケット追加費用 : {#000000}%s{/} {nl}ジェム抽出費用 : {#000000}%s{/}
UI_20150714_001576	{ds}推奨レベル : %s
UI_20150714_001577	探査率 : 50.0%
UI_20150714_001578	{@st45tw}[探査率 %s%]{/}
UI_20150714_001579	>>もっと見る
UI_20150714_001580	%s (%s ランク)
UI_20150714_001581	職業名
UI_20150714_001582	{@st41b}招待
UI_20150714_001583	{@st41}ジョイパッドやマウス操作をしたい場合は、システムメニューのゲーム設定で選択できます。{/}
UI_20150714_001584	条件が一致するキャラクターに出会ったら[PT条件一致！]のメッセージが表示されます。{nl}また、PTメンバーを募集する他のPTに推薦されます。
UI_20150714_001585	{@st42}プレイスタイル{/}
UI_20150714_001586	{@st42}レベル差{/}
UI_20150714_001587	関係なし
UI_20150714_001588	{@st42}希望するクラス系統{/}
UI_20150714_001589	{@st42}PT名 : %s'{/}
UI_20150714_001590	{@st42}PT 説明{/}
UI_20150714_001591	{@st42}入力{/}
UI_20150714_001592	{@st42}アイテム分配ルール
UI_20150714_001593	{@st42}経験値分配ルール
UI_20150714_001594	それぞれ獲得
UI_20150714_001595	均等分配
UI_20150714_001596	レベル別
UI_20150714_001597	{@st42}クエスト共有
UI_20150714_001598	使用しない
UI_20150714_001599	{@st42}公開PTリストに登録{/}
UI_20150714_001600	希望レベル
UI_20150714_001601	{@st42}PTメンバー推薦機能使用{/}
UI_20150714_001602	距離による
UI_20150714_001603	職業による
UI_20150714_001604	レベルによる
UI_20150714_001605	進行クエストによる
UI_20150714_001606	親しさによる
UI_20150714_001607	{@st42}PT招待リンク設置
UI_20150714_001608	>>PTを見る
UI_20150714_001609	PT名 : %s
UI_20150714_001610	PT紹介 : %s
UI_20150714_001611	結成時間 : %s 前
UI_20150714_001612	メンバー構成 : %s/5
UI_20150714_001613	加入
UI_20150714_001614	{@st59}PT名と説明で検索します。{/}
UI_20150714_001615	シンプルヘルプ内容
UI_20150714_001616	{@st43}メッセージボックス
UI_20150714_001617	{@st41b}全体
UI_20150714_001618	{@st41b}未読のメッセージ
UI_20150714_001619	{@st43}{s22}アイテムを受け取るキャラクターを選択してください。{/}
UI_20150714_001620	{@st41b}強化
UI_20150714_001621	{@st66}修理の必要なアイテムリスト
UI_20150714_001622	{@st43}シモニー
UI_20150714_001623	{@st59}スキルを載せてください{/}
UI_20150714_001624	{@st59}スキルと特性を閉じます{/}
UI_20150714_001625	{@st43}スキルと特性{/}
UI_20150714_001626	残りのステータスポイント{nl}{@st46}%s
UI_20150714_001627	獲得したいいね！: %s個
UI_20150714_001628	{@st66b}経験値獲得量表記{/}
UI_20150714_001629	{@st66b}キャラクター名表示{/}
UI_20150714_001630	{@st66b}チーム名のみ表示{/}
UI_20150714_001631	{@st66b}他のキャラクター名表示{/}
UI_20150714_001632	{@st66b}自動{/}
UI_20150714_001633	{@st66b}ジョイパッド{/}
UI_20150714_001634	{@st66b}キーボード{/}
UI_20150714_001635	{@st66b}マウス
UI_20150714_001636	{@st66b}全画面{/}
UI_20150714_001637	{@st66b}ウィンドウモード{/}
UI_20150714_001638	{@st66b}効果音の音量(%s){/}
UI_20150714_001639	{@st66b}音楽の音量(%s){/}
UI_20150714_001640	{@st66b}サウンド全体の音量(%s){/}
UI_20150714_001641	{@st66b}低スペックモード{/}
UI_20150714_001642	{@st66b}自動調整{/}
UI_20150714_001643	{@st66b}使用しない{/}
UI_20150714_001644	{@st66b}ブルーム適用{/}
UI_20150714_001645	{@st66b}ビネッティング適用{/}
UI_20150714_001646	{@st66b}FXAA適用{/}
UI_20150714_001647	{@st66b}GLOW適用{/}
UI_20150714_001648	{@st66b}Depth適用{/}
UI_20150714_001649	{@st66b}SoftParticle適用{/}
UI_20150714_001650	{@st66b}ハイスペックテクスチャ適用{/}
UI_20150714_001651	{@st66b}垂直同期オン{/}
UI_20150714_001652	{@st66b}垂直同期オフ{/}
UI_20150714_001653	{@st66b}{s20}アイテムの出し入れには%sシルバーを消耗します。{/}{/}
UI_20150714_001654	%sが私を好きです。
UI_20150714_001655	{@st41}観戦する
UI_20150714_001656	{@st66b}観戦終了
UI_20150714_001657	ゲームを見つけました。参加しますか？
UI_20150714_001658	{@st41}参加
UI_20150714_001659	{@st41}拒否
UI_20150714_001660	試合終了
UI_20150714_001661	デス
UI_20150714_001662	ダメージ量
UI_20150714_001663	{@st41}ゾーンへ戻る
UI_20150714_001664	{@st41b}%s秒後、ゾーンへ移動します…{/}
UI_20150714_001665	{@st59}メッセージボックスを開きます{/}
UI_20150714_001666	{@st42}バラック変更{/}
UI_20150714_001667	{@st42}バラック設定{/}
UI_20150714_001668	{@st65}%s 点{/}
UI_20150714_001669	{@st65}%s 個{/}
UI_20150714_001670	{@st65}%s点{/}
UI_20150714_001671	{@st65}%s個{/}
UI_20150714_001672	写真の説明
UI_20150714_001673	{#000000}%s 秒
UI_20150714_001674	{#000000}%s 装着
UI_20150714_001675	PT名 : {#2c140c}%s{/}
UI_20150714_001676	説明 : {#2c140c}%s{/}
UI_20150714_001677	平均レベル :  {#2c140c}%s{/}
UI_20150714_001678	探しているPTメンバー :  {#2c140c}%s{/}
UI_20150714_001679	クエスト共有 :  {#2c140c}%s{/}
UI_20150714_001680	経験値分配ルール :  {#2c140c}%s{/}
UI_20150714_001681	アイテム分配ルール :  {#2c140c}%s{/}
UI_20150714_001682	PTは楽しかったですか？
UI_20150714_001683	{@st42}%sさんが%sを食べました。
UI_20150714_001684	{@st42}%sさんが%sを強化しました。
UI_20150714_001685	メモ :%s
UI_20150714_001686	{@st59}材料アイテムをスロットに追加します。{/}
UI_20150714_001687	{@st66b}価格 : %s{/}
UI_20150714_001688	キャラクター挨拶
UI_20150714_001689	購入依頼商店
UI_20150714_001690	%s 個
UI_20150714_001691	{@41b}条件
UI_20150714_001692	{@st41}削除
UI_20150714_001693	{@st41}更新
UI_20150717_001694	このプレイヤーいいね！{#ffff00}%s{/}
UI_20150717_001695	{@st41b}{s56}このゲームは{#0066FF}
UI_20150717_001696	12歳以上利用可
UI_20150717_001697	{#FFFFFF}です。{nl}{s40} {nl}長時間のゲームプレイは健康を害することがあります。{/}
UI_20150717_001698	{@st66b}入力
UI_20150717_001699	{@st42}自分の召喚獣情報
UI_20150717_001700	{@st59}STA{nl}{@st59s}スタミナが無くなると移動が遅くなります。{/}
UI_20150717_001701	{@st59}インベントリを整列します{/}
UI_20150717_001702	整理
UI_20150717_001703	{@st59}ジョイパッドの説明を閉じます。{/}
UI_20150717_001704	{@st59}キーボードの説明を閉じます。{/}
UI_20150717_001705	マウスチュートリアル
UI_20150717_001706	{@st59}マウスの説明を閉じます。{/}
UI_20150717_001707	攻撃力 : %s
UI_20150717_001708	防御力 : %s
UI_20150717_001709	力 : %s
UI_20150717_001710	体力 : %s
UI_20150717_001711	知能 : %s
UI_20150717_001712	敏捷 : %s
UI_20150717_001713	精神 : %s
UI_20150717_001714	{@st42b}ソードマン系は方向キーを素早く2回入力するとダッシュすることができます。{/}
UI_20150717_001715	{@st42}PT名と説明{/}
UI_20150717_001716	{@st42}PT招待タグ挿入
UI_20150717_001717	{@st41b}公開PTリスト{/}
UI_20150717_001718	{@st41b}推薦キャラクターリスト{/}
UI_20150717_001719	{@st41b}推薦を受ける
UI_20150717_001720	PTリーダーのみ使用可能な機能です。
UI_20150717_001721	PTメンバー推薦機能を使用する必要があります。
UI_20150717_001722	{@st66b}クエスト クラス ネーム{/}
UI_20150717_001723	{@st59b}商店{nl}{@st59s} - アイテムを複数売却/購入するにはShift + 右クリックしてから個数を入力{nl} - アイテムを全て売却するには右ダブルクリック{/}
UI_20150717_001724	{@st59}マウスについて{/}
UI_20150717_001725	{@st66b}整列
UI_20150717_001726	{@st59}アイテムを整列させます。{/}
UI_20150717_001727	{@st59}スロットに武器装着{nl}Alt+Zで武器転換{/}
UI_20150717_001728	他の人の視線で観戦する
UI_20150717_001729	{@st41}バトルフィールド
UI_20150717_001730	結果
UI_20150717_001731	{@st41}すぐに移動
UI_20150717_001732	{@st66b} チーム名はすべてのキャラクターを代表する名前です。{nl}自由に変更できるチーム名は取引やギルド加入、チャットなどに使われる共用の名前です。{/}
UI_20150729_001733	{@st42}学習可能な特性のみ表示{/}
UI_20150729_001734	足の数
UI_20150729_001735	身長
UI_20150729_001736	体重
UI_20150729_001737	{@st43}ジェムロースティング{/}
UI_20150729_001738	{@st59b}アイテム製造{nl}{@st59s} - レシピアイテムを入手うすれば、そのアイテムを製造可能{nl} - レシピと材料をスロットに入れてアイテム製造を実行{nl} - 製造するアイテムに名前とメモを記入可能{/}
UI_20150729_001739	{@st59}矢製造を閉じます。{/}
UI_20150729_001740	必要な破片 : 変異 %s個 / 野獣 %s個 / 植物 %s個
UI_20150729_001741	{@st42b}ソードマン系は方向キーを素早く2回入力すればダッシュすることができます。{/}
UI_20150729_001742	{@st41}PT設定
UI_20150729_001743	{@st41}PT募集設定
UI_20150729_001744	{@st42}PTメンバー探し機能使用{/}
UI_20150729_001745	条件が一致するプレイヤーに会ったら[PT条件一致！]というメッセージが表示されます。
UI_20150729_001746	{@st41b}推薦プレイヤーリスト{/}
UI_20150729_001747	{@st41}特性と情報
UI_20150729_001748	{@st59}強化を取り消します。{/}
UI_20150729_001749	{@st59b}ジェム/カード強化{nl}{@st59s} - 強化するジェムまたはカードをインベントリから選択して登録{nl} - クエストアイテムを除いたすべてのアイテムをジェム強化の材料として使用可能{nl}   (ジェムを材料に使う場合が最も効率が良い){nl} - カード強化は他のカードのみ材料として使用可能{/}
UI_20150729_001750	{#000000}{s22}サーバー入場待機中
UI_20150729_001751	{#000000}{s22}サーバーが満員のため、入場待機しています。
UI_20150729_001752	{#000000}{s22}現在の順位 : %s
UI_20150729_001753	{@st43}チームバトルリーグ
UI_20150729_001754	{@st59}チームバトルリーグを閉じます。
UI_20150729_001755	{@st42}チームバトルリーグ日程
UI_20150729_001756	{@st43}チームバトルリーグランキング
UI_20150729_001757	{@st59}チームバトルリーグランキングを閉じます。
UI_20150729_001758	チーム名
UI_20150729_001759	{@st41b}スキル名
UI_20150729_001760	{@st59}PTミッションの進行を受諾します。{/}
UI_20150729_001761	{@st59}このターゲットを削除します。{/}
UI_20150729_001762	点数
UI_20150729_001763	チームバトルリーグ参加
UI_20150730_001764	{@st56}マイランキング
UI_20150730_001765	{@st56}キルランキング
UI_20150730_001766	{@st56}ダメージランキング
UI_20150803_001767	一般 : /s メッセージ{nl}シャウト : /y メッセージ{nl}PT : /p メッセージ{nl}ささやき : /w チーム名 メッセージ
UI_20150803_001768	{@st66b}ジョイパッド 振動{/}
UI_20150803_001769	ゲームを見つけました。間もなくゲームに入場します。
UI_20150804_001770	{@st43}{s18}アイテムを受け取るキャラクターを選択してください。{/}
UI_20150804_001771	最大ソケット %s個
UI_20150811_001772	{@st43}インスタンスダンジョン
UI_20150811_001773	{@st41}位置確認
UI_20150811_001774	{@st41}閉じる
UI_20150811_001775	{#000000}名前{/}
UI_20150811_001776	{#000000}入場レベル{/}
UI_20150811_001777	{#000000}入場回数{/}
UI_20150811_001778	周辺のPT情報
UI_20150811_001779	{@st42}周辺のPT情報表示{/}
UI_20150811_001780	{@sti9}マイランキング
UI_20150811_001781	{@sti9}キルランキング
UI_20150811_001782	{@sti9}ダメージランキング
UI_20150904_001783	キャンプ維持時間
UI_20150904_001784	効果
UI_20150904_001785	更新するとキャンプ維持時間が増加し、{nl} %sシルバーを消費します。
UI_20150904_001786	個人倉庫
UI_20150904_001787	{@st41b}タイプ : {@sti7}%s{/}
UI_20150904_001788	{@st41b}操作難易度 : {@sti7}%s{/}
UI_20150904_001789	{img silver 20 20} もらう価格
UI_20150904_001790	{@st66b}空ける
UI_20150904_001791	{@sti9}%s{@st66b}との親密度 : {@sti9}%s {@st66b}レベル{/}
UI_20150904_001792	親密度
UI_20150904_001793	{@st41b}製造アイテム材料獲得！
UI_20150904_001794	{@st66b}{s20}あなたは{/}{s20}{#cc6600}{ol}戦闘不能{/}{@st66b}{s20}状態になりました！{/}
UI_20150904_001795	{@st66b}近くの復活地点から再開{/}
UI_20150904_001796	{@st66b}その場で再開(メダル %s個必要){/}
UI_20150904_001797	{@st66b}フィールドに復帰する{/}
UI_20150904_001798	{@st66b}クエストを放棄してやり直す{/}
UI_20150904_001799	{@st66b}再挑戦{/}
UI_20150904_001800	{@st66b}自分が販売したアイテム{/}
UI_20150904_001801	{@st53}ランキングポイント : %s
UI_20150904_001802	{@st66b}PTメンバー以外に食糧提供{/}
UI_20150904_001803	{@st41b}看板名変更
UI_20150911_001804	このプレイヤーいいね！{#ffff00}{ol}%s{/}
UI_20150911_001805	取引不可個数 : %s
UI_20150911_001806	{@st42b}台詞確認{/}
UI_20151014_001807	{#000000}入場回数は%s時に初期化されます。{/}
UI_20151014_001808	{@st59}選択したアイテムがロック状態になります。{/}
UI_20151014_001809	{@st43}キー設定{/}
UI_20151014_001810	{@st45tw2}カテゴリ
UI_20151014_001811	アクション
UI_20151014_001812	基本値復元
UI_20151014_001813	必要な破片 : %s個
UI_20151014_001814	{@st59}プレビューで確認してからバラックのテーマを変更できます。
UI_20151014_001815	取引不可合計: %s個
UI_20151014_001816	定員%s名{/}
UI_20151014_001817	{@st42b}プレビュー
UI_20151014_001818	{@st42b}戻る
UI_20151014_001819	{@st42b}購入
UI_20151014_001820	{@st42b}適用
UI_20151014_001821	ギルド名と紹介文
UI_20151014_001822	チーム名
UI_20151014_001823	階級
UI_20151014_001824	お知らせ
UI_20151028_001825	{@st41b}メダル{/}
UI_20151028_001826	{@st41}サーバー入場待機中
UI_20151028_001827	{#000000}{s18}サーバーが満員のため入場待機中です
UI_20151028_001828	{@st66b18}現在の順位 : %s
UI_20151028_001829	{@st66b}他のキャラクターのエフェクトを見る
UI_20151028_001830	{@st41}メダル
UI_20151028_001831	メダル
UI_20151119_001832	{@st66b}キーの設定
